Info	Severity
3341 > 80 [SYN] Seq=272472407 Win=512 Len=0	1
3342 > 80 [SYN] Seq=1756453431 Win=512 Len=0	1
3343 > 80 [SYN] Seq=2081980660 Win=512 Len=0	1
3344 > 80 [SYN] Seq=616584040 Win=512 Len=0	1
3345 > 80 [SYN] Seq=631644660 Win=512 Len=0	1
3346 > 80 [SYN] Seq=632990320 Win=512 Len=0	1
3347 > 80 [SYN] Seq=1682019743 Win=512 Len=0	1
3348 > 80 [SYN] Seq=1079222995 Win=512 Len=0	1
3349 > 80 [SYN] Seq=846324202 Win=512 Len=0	1
3350 > 80 [SYN] Seq=569421168 Win=512 Len=0	1
3351 > 80 [SYN] Seq=926046714 Win=512 Len=0	1
3352 > 80 [SYN] Seq=1269459956 Win=512 Len=0	1
3353 > 80 [SYN] Seq=259069752 Win=512 Len=0	1
3354 > 80 [SYN] Seq=815327490 Win=512 Len=0	1
3355 > 80 [SYN] Seq=996000760 Win=512 Len=0	1
3356 > 80 [SYN] Seq=1495704159 Win=512 Len=0	1
3357 > 80 [SYN] Seq=53193489 Win=512 Len=0	1
3358 > 80 [SYN] Seq=1422620270 Win=512 Len=0	1
3359 > 80 [SYN] Seq=283326002 Win=512 Len=0	1
3360 > 80 [SYN] Seq=574798192 Win=512 Len=0	1
3361 > 80 [SYN] Seq=871053141 Win=512 Len=0	1
3362 > 80 [SYN] Seq=43175246 Win=512 Len=0	1
3363 > 80 [SYN] Seq=2064249956 Win=512 Len=0	1
3364 > 80 [SYN] Seq=719115759 Win=512 Len=0	1
3365 > 80 [SYN] Seq=883814135 Win=512 Len=0	1
3366 > 80 [SYN] Seq=62927771 Win=512 Len=0	1
3367 > 80 [SYN] Seq=710574987 Win=512 Len=0	1
3368 > 80 [SYN] Seq=1960456127 Win=512 Len=0	1
3369 > 80 [SYN] Seq=1435599639 Win=512 Len=0	1
3370 > 80 [SYN] Seq=1458287410 Win=512 Len=0	1
3371 > 80 [SYN] Seq=378930517 Win=512 Len=0	1
3372 > 80 [SYN] Seq=617485015 Win=512 Len=0	1
3373 > 80 [SYN] Seq=1782920688 Win=512 Len=0	1
3374 > 80 [SYN] Seq=1662250899 Win=512 Len=0	1
3375 > 80 [SYN] Seq=872059690 Win=512 Len=0	1
3376 > 80 [SYN] Seq=43991721 Win=512 Len=0	1
3377 > 80 [SYN] Seq=1958520959 Win=512 Len=0	1
3378 > 80 [SYN] Seq=1855216204 Win=512 Len=0	1
3379 > 80 [SYN] Seq=813300451 Win=512 Len=0	1
3380 > 80 [SYN] Seq=1826581550 Win=512 Len=0	1
3381 > 80 [SYN] Seq=1169513373 Win=512 Len=0	1
3382 > 80 [SYN] Seq=1915626284 Win=512 Len=0	1
3383 > 80 [SYN] Seq=1039412942 Win=512 Len=0	1
3384 > 80 [SYN] Seq=947426747 Win=512 Len=0	1
3385 > 80 [SYN] Seq=307511543 Win=512 Len=0	1
3386 > 80 [SYN] Seq=115668088 Win=512 Len=0	1
3387 > 80 [SYN] Seq=1867600543 Win=512 Len=0	1
3388 > 80 [SYN] Seq=1321535101 Win=512 Len=0	1
3389 > 80 [SYN] Seq=2047575680 Win=512 Len=0	1
3390 > 80 [SYN] Seq=34080986 Win=512 Len=0	1
3391 > 80 [SYN] Seq=150816508 Win=512 Len=0	1
3392 > 80 [SYN] Seq=1121351738 Win=512 Len=0	1
3393 > 80 [SYN] Seq=841378276 Win=512 Len=0	1
3394 > 80 [SYN] Seq=1375146078 Win=512 Len=0	1
3395 > 80 [SYN] Seq=1294287256 Win=512 Len=0	1
3396 > 80 [SYN] Seq=1482615944 Win=512 Len=0	1
3397 > 80 [SYN] Seq=2003059915 Win=512 Len=0	1
3398 > 80 [SYN] Seq=1418710508 Win=512 Len=0	1
3399 > 80 [SYN] Seq=1690023849 Win=512 Len=0	1
3400 > 80 [SYN] Seq=2105115931 Win=512 Len=0	1
3401 > 80 [SYN] Seq=1974790515 Win=512 Len=0	1
3402 > 80 [SYN] Seq=1677978119 Win=512 Len=0	1
3403 > 80 [SYN] Seq=1832163758 Win=512 Len=0	1
3404 > 80 [SYN] Seq=2072784473 Win=512 Len=0	1
3405 > 80 [SYN] Seq=1914607515 Win=512 Len=0	1
3406 > 80 [SYN] Seq=82208927 Win=512 Len=0	1
3407 > 80 [SYN] Seq=914547725 Win=512 Len=0	1
3408 > 80 [SYN] Seq=2075177572 Win=512 Len=0	1
3409 > 80 [SYN] Seq=1124347377 Win=512 Len=0	1
3410 > 80 [SYN] Seq=1022841239 Win=512 Len=0	1
3411 > 80 [SYN] Seq=1449757059 Win=512 Len=0	1
3412 > 80 [SYN] Seq=1427124563 Win=512 Len=0	1
3413 > 80 [SYN] Seq=723086387 Win=512 Len=0	1
3414 > 80 [SYN] Seq=377055473 Win=512 Len=0	1
3415 > 80 [SYN] Seq=1336458568 Win=512 Len=0	1
3416 > 80 [SYN] Seq=1761323568 Win=512 Len=0	1
3417 > 80 [SYN] Seq=1767318561 Win=512 Len=0	1
3418 > 80 [SYN] Seq=1074560443 Win=512 Len=0	1
3419 > 80 [SYN] Seq=1004584314 Win=512 Len=0	1
3420 > 80 [SYN] Seq=1457482208 Win=512 Len=0	1
3421 > 80 [SYN] Seq=319851463 Win=512 Len=0	1
3422 > 80 [SYN] Seq=2037475883 Win=512 Len=0	1
3423 > 80 [SYN] Seq=1289256263 Win=512 Len=0	1
3424 > 80 [SYN] Seq=1064054526 Win=512 Len=0	1
3425 > 80 [SYN] Seq=589533104 Win=512 Len=0	1
3426 > 80 [SYN] Seq=1159979253 Win=512 Len=0	1
3427 > 80 [SYN] Seq=2110525268 Win=512 Len=0	1
3428 > 80 [SYN] Seq=1149263770 Win=512 Len=0	1
3429 > 80 [SYN] Seq=1842388915 Win=512 Len=0	1
3430 > 80 [SYN] Seq=1584957255 Win=512 Len=0	1
3431 > 80 [SYN] Seq=334601075 Win=512 Len=0	1
3432 > 80 [SYN] Seq=66110888 Win=512 Len=0	1
3433 > 80 [SYN] Seq=309981167 Win=512 Len=0	1
3434 > 80 [SYN] Seq=750892021 Win=512 Len=0	1
3435 > 80 [SYN] Seq=1314144276 Win=512 Len=0	1
3436 > 80 [SYN] Seq=1766861799 Win=512 Len=0	1
3437 > 80 [SYN] Seq=43769870 Win=512 Len=0	1
3438 > 80 [SYN] Seq=1354383510 Win=512 Len=0	1
3439 > 80 [SYN] Seq=1331429346 Win=512 Len=0	1
3440 > 80 [SYN] Seq=1099254757 Win=512 Len=0	1
3441 > 80 [SYN] Seq=1680700982 Win=512 Len=0	1
3442 > 80 [SYN] Seq=230557783 Win=512 Len=0	1
3443 > 80 [SYN] Seq=323433371 Win=512 Len=0	1
3444 > 80 [SYN] Seq=534930486 Win=512 Len=0	1
3445 > 80 [SYN] Seq=1242104601 Win=512 Len=0	1
3446 > 80 [SYN] Seq=1633930635 Win=512 Len=0	1
3447 > 80 [SYN] Seq=1324248510 Win=512 Len=0	1
3448 > 80 [SYN] Seq=2080376787 Win=512 Len=0	1
3449 > 80 [SYN] Seq=681908613 Win=512 Len=0	1
3450 > 80 [SYN] Seq=280911951 Win=512 Len=0	1
3451 > 80 [SYN] Seq=187385360 Win=512 Len=0	1
3452 > 80 [SYN] Seq=721180305 Win=512 Len=0	1
3453 > 80 [SYN] Seq=1772289021 Win=512 Len=0	1
3454 > 80 [SYN] Seq=335000475 Win=512 Len=0	1
3455 > 80 [SYN] Seq=1768336490 Win=512 Len=0	1
3456 > 80 [SYN] Seq=219379225 Win=512 Len=0	1
3457 > 80 [SYN] Seq=1143075231 Win=512 Len=0	1
3458 > 80 [SYN] Seq=207498831 Win=512 Len=0	1
3459 > 80 [SYN] Seq=709397444 Win=512 Len=0	1
3460 > 80 [SYN] Seq=196192689 Win=512 Len=0	1
3461 > 80 [SYN] Seq=252841821 Win=512 Len=0	1
3462 > 80 [SYN] Seq=1213945916 Win=512 Len=0	1
3463 > 80 [SYN] Seq=998132214 Win=512 Len=0	1
3464 > 80 [SYN] Seq=2062865530 Win=512 Len=0	1
3465 > 80 [SYN] Seq=864070589 Win=512 Len=0	1
3466 > 80 [SYN] Seq=863375315 Win=512 Len=0	1
3467 > 80 [SYN] Seq=1680157860 Win=512 Len=0	1
3468 > 80 [SYN] Seq=1210704445 Win=512 Len=0	1
3469 > 80 [SYN] Seq=809398582 Win=512 Len=0	1
3470 > 80 [SYN] Seq=1807669616 Win=512 Len=0	1
3471 > 80 [SYN] Seq=1009805009 Win=512 Len=0	1
3472 > 80 [SYN] Seq=96505743 Win=512 Len=0	1
3473 > 80 [SYN] Seq=1445813249 Win=512 Len=0	1
3474 > 80 [SYN] Seq=1086193602 Win=512 Len=0	1
3475 > 80 [SYN] Seq=1700060938 Win=512 Len=0	1
3476 > 80 [SYN] Seq=234552560 Win=512 Len=0	1
3477 > 80 [SYN] Seq=471082753 Win=512 Len=0	1
3478 > 80 [SYN] Seq=1586416379 Win=512 Len=0	1
3479 > 80 [SYN] Seq=1365962930 Win=512 Len=0	1
3480 > 80 [SYN] Seq=491631018 Win=512 Len=0	1
3481 > 80 [SYN] Seq=1391816244 Win=512 Len=0	1
3482 > 80 [SYN] Seq=2106420319 Win=512 Len=0	1
3483 > 80 [SYN] Seq=1209139901 Win=512 Len=0	1
3484 > 80 [SYN] Seq=472264011 Win=512 Len=0	1
3485 > 80 [SYN] Seq=230793126 Win=512 Len=0	1
3486 > 80 [SYN] Seq=105580086 Win=512 Len=0	1
3487 > 80 [SYN] Seq=316004118 Win=512 Len=0	1
3488 > 80 [SYN] Seq=2005140453 Win=512 Len=0	1
3489 > 80 [SYN] Seq=1085520625 Win=512 Len=0	1
3490 > 80 [SYN] Seq=414025726 Win=512 Len=0	1
3491 > 80 [SYN] Seq=186848446 Win=512 Len=0	1
3492 > 80 [SYN] Seq=656830606 Win=512 Len=0	1
3493 > 80 [SYN] Seq=890434475 Win=512 Len=0	1
3494 > 80 [SYN] Seq=1885792266 Win=512 Len=0	1
3495 > 80 [SYN] Seq=1410802215 Win=512 Len=0	1
3496 > 80 [SYN] Seq=329534911 Win=512 Len=0	1
3497 > 80 [SYN] Seq=1652849318 Win=512 Len=0	1
3498 > 80 [SYN] Seq=618452351 Win=512 Len=0	1
3499 > 80 [SYN] Seq=584532104 Win=512 Len=0	1
3500 > 80 [SYN] Seq=213003511 Win=512 Len=0	1
3501 > 80 [SYN] Seq=1311536188 Win=512 Len=0	1
3502 > 80 [SYN] Seq=594967848 Win=512 Len=0	1
3503 > 80 [SYN] Seq=307287882 Win=512 Len=0	1
3504 > 80 [SYN] Seq=1894309539 Win=512 Len=0	1
3505 > 80 [SYN] Seq=2147259125 Win=512 Len=0	1
3506 > 80 [SYN] Seq=618713931 Win=512 Len=0	1
3507 > 80 [SYN] Seq=1838193813 Win=512 Len=0	1
3508 > 80 [SYN] Seq=1981814229 Win=512 Len=0	1
3509 > 80 [SYN] Seq=488507909 Win=512 Len=0	1
3510 > 80 [SYN] Seq=871721433 Win=512 Len=0	1
3511 > 80 [SYN] Seq=1475602170 Win=512 Len=0	1
3512 > 80 [SYN] Seq=1544482716 Win=512 Len=0	1
3513 > 80 [SYN] Seq=1037299743 Win=512 Len=0	1
3514 > 80 [SYN] Seq=1163193152 Win=512 Len=0	1
3515 > 80 [SYN] Seq=246943305 Win=512 Len=0	1
3516 > 80 [SYN] Seq=666826978 Win=512 Len=0	1
3517 > 80 [SYN] Seq=380940608 Win=512 Len=0	1
3518 > 80 [SYN] Seq=1852771962 Win=512 Len=0	1
3519 > 80 [SYN] Seq=645010549 Win=512 Len=0	1
3520 > 80 [SYN] Seq=2138144290 Win=512 Len=0	1
3521 > 80 [SYN] Seq=303747967 Win=512 Len=0	1
3522 > 80 [SYN] Seq=1771120972 Win=512 Len=0	1
3523 > 80 [SYN] Seq=754642966 Win=512 Len=0	1
3524 > 80 [SYN] Seq=292232072 Win=512 Len=0	1
3525 > 80 [SYN] Seq=122196910 Win=512 Len=0	1
3526 > 80 [SYN] Seq=1655339694 Win=512 Len=0	1
3527 > 80 [SYN] Seq=926228040 Win=512 Len=0	1
3528 > 80 [SYN] Seq=1735194914 Win=512 Len=0	1
3529 > 80 [SYN] Seq=405725371 Win=512 Len=0	1
3530 > 80 [SYN] Seq=1817318811 Win=512 Len=0	1
3531 > 80 [SYN] Seq=1888011449 Win=512 Len=0	1
3532 > 80 [SYN] Seq=1929339473 Win=512 Len=0	1
3533 > 80 [SYN] Seq=388787083 Win=512 Len=0	1
3534 > 80 [SYN] Seq=1868609457 Win=512 Len=0	1
3535 > 80 [SYN] Seq=1820665190 Win=512 Len=0	1
3536 > 80 [SYN] Seq=244729759 Win=512 Len=0	1
3537 > 80 [SYN] Seq=2054484393 Win=512 Len=0	1
3538 > 80 [SYN] Seq=498188312 Win=512 Len=0	1
3539 > 80 [SYN] Seq=1852623041 Win=512 Len=0	1
3540 > 80 [SYN] Seq=163845547 Win=512 Len=0	1
3541 > 80 [SYN] Seq=598544557 Win=512 Len=0	1
3542 > 80 [SYN] Seq=337354947 Win=512 Len=0	1
3543 > 80 [SYN] Seq=924759432 Win=512 Len=0	1
3544 > 80 [SYN] Seq=1250574108 Win=512 Len=0	1
3545 > 80 [SYN] Seq=330508479 Win=512 Len=0	1
3546 > 80 [SYN] Seq=558989498 Win=512 Len=0	1
3547 > 80 [SYN] Seq=455360496 Win=512 Len=0	1
3548 > 80 [SYN] Seq=400562081 Win=512 Len=0	1
3549 > 80 [SYN] Seq=99882566 Win=512 Len=0	1
3550 > 80 [SYN] Seq=198332500 Win=512 Len=0	1
3551 > 80 [SYN] Seq=686572526 Win=512 Len=0	1
3552 > 80 [SYN] Seq=1868350611 Win=512 Len=0	1
3553 > 80 [SYN] Seq=1219820431 Win=512 Len=0	1
3554 > 80 [SYN] Seq=1643108600 Win=512 Len=0	1
3555 > 80 [SYN] Seq=1282963543 Win=512 Len=0	1
3556 > 80 [SYN] Seq=261582169 Win=512 Len=0	1
3557 > 80 [SYN] Seq=234304172 Win=512 Len=0	1
3558 > 80 [SYN] Seq=2127357593 Win=512 Len=0	1
3559 > 80 [SYN] Seq=1233486402 Win=512 Len=0	1
3560 > 80 [SYN] Seq=105899617 Win=512 Len=0	1
3561 > 80 [SYN] Seq=561916049 Win=512 Len=0	1
3562 > 80 [SYN] Seq=194579852 Win=512 Len=0	1
3563 > 80 [SYN] Seq=933230499 Win=512 Len=0	1
3564 > 80 [SYN] Seq=1019171424 Win=512 Len=0	1
3565 > 80 [SYN] Seq=173528436 Win=512 Len=0	1
3566 > 80 [SYN] Seq=216966726 Win=512 Len=0	1
3567 > 80 [SYN] Seq=1394216053 Win=512 Len=0	1
3568 > 80 [SYN] Seq=1464793514 Win=512 Len=0	1
3569 > 80 [SYN] Seq=926887421 Win=512 Len=0	1
3570 > 80 [SYN] Seq=1633120816 Win=512 Len=0	1
3571 > 80 [SYN] Seq=1599855597 Win=512 Len=0	1
3572 > 80 [SYN] Seq=1425636322 Win=512 Len=0	1
3573 > 80 [SYN] Seq=1447817938 Win=512 Len=0	1
3574 > 80 [SYN] Seq=443676229 Win=512 Len=0	1
3575 > 80 [SYN] Seq=1811268951 Win=512 Len=0	1
3576 > 80 [SYN] Seq=1586137287 Win=512 Len=0	1
3577 > 80 [SYN] Seq=327270735 Win=512 Len=0	1
3578 > 80 [SYN] Seq=637513441 Win=512 Len=0	1
3579 > 80 [SYN] Seq=769943836 Win=512 Len=0	1
3580 > 80 [SYN] Seq=824444488 Win=512 Len=0	1
3581 > 80 [SYN] Seq=999347896 Win=512 Len=0	1
3582 > 80 [SYN] Seq=1981226587 Win=512 Len=0	1
3583 > 80 [SYN] Seq=1343463876 Win=512 Len=0	1
3584 > 80 [SYN] Seq=305880196 Win=512 Len=0	1
3585 > 80 [SYN] Seq=511584146 Win=512 Len=0	1
3586 > 80 [SYN] Seq=1096055621 Win=512 Len=0	1
3587 > 80 [SYN] Seq=173393143 Win=512 Len=0	1
3588 > 80 [SYN] Seq=125384532 Win=512 Len=0	1
3589 > 80 [SYN] Seq=931903734 Win=512 Len=0	1
3590 > 80 [SYN] Seq=1678953502 Win=512 Len=0	1
3591 > 80 [SYN] Seq=324949805 Win=512 Len=0	1
3592 > 80 [SYN] Seq=1726775990 Win=512 Len=0	1
3593 > 80 [SYN] Seq=1784044612 Win=512 Len=0	1
3594 > 80 [SYN] Seq=1429986170 Win=512 Len=0	1
3595 > 80 [SYN] Seq=1683772089 Win=512 Len=0	1
3596 > 80 [SYN] Seq=571447157 Win=512 Len=0	1
3597 > 80 [SYN] Seq=457461749 Win=512 Len=0	1
3598 > 80 [SYN] Seq=588548269 Win=512 Len=0	1
3599 > 80 [SYN] Seq=282016585 Win=512 Len=0	1
3600 > 80 [SYN] Seq=464754118 Win=512 Len=0	1
3601 > 80 [SYN] Seq=622398036 Win=512 Len=0	1
3602 > 80 [SYN] Seq=207320288 Win=512 Len=0	1
3603 > 80 [SYN] Seq=645157196 Win=512 Len=0	1
3604 > 80 [SYN] Seq=1236243050 Win=512 Len=0	1
3605 > 80 [SYN] Seq=276770431 Win=512 Len=0	1
3606 > 80 [SYN] Seq=1725491938 Win=512 Len=0	1
3607 > 80 [SYN] Seq=726093914 Win=512 Len=0	1
3608 > 80 [SYN] Seq=1900814391 Win=512 Len=0	1
3609 > 80 [SYN] Seq=1592199513 Win=512 Len=0	1
3610 > 80 [SYN] Seq=570193117 Win=512 Len=0	1
3611 > 80 [SYN] Seq=1806723339 Win=512 Len=0	1
3612 > 80 [SYN] Seq=2006170779 Win=512 Len=0	1
3613 > 80 [SYN] Seq=1002278376 Win=512 Len=0	1
3614 > 80 [SYN] Seq=138510006 Win=512 Len=0	1
3615 > 80 [SYN] Seq=1868229514 Win=512 Len=0	1
3616 > 80 [SYN] Seq=260570102 Win=512 Len=0	1
3617 > 80 [SYN] Seq=706554686 Win=512 Len=0	1
3618 > 80 [SYN] Seq=1232092763 Win=512 Len=0	1
3619 > 80 [SYN] Seq=1962568865 Win=512 Len=0	1
3620 > 80 [SYN] Seq=1682403078 Win=512 Len=0	1
3621 > 80 [SYN] Seq=2070548904 Win=512 Len=0	1
3622 > 80 [SYN] Seq=1304472501 Win=512 Len=0	1
3623 > 80 [SYN] Seq=1110949858 Win=512 Len=0	1
3624 > 80 [SYN] Seq=1126541939 Win=512 Len=0	1
3625 > 80 [SYN] Seq=633751268 Win=512 Len=0	1
3626 > 80 [SYN] Seq=1316349933 Win=512 Len=0	1
3627 > 80 [SYN] Seq=1598301444 Win=512 Len=0	1
3628 > 80 [SYN] Seq=1937067550 Win=512 Len=0	1
3629 > 80 [SYN] Seq=773712872 Win=512 Len=0	1
3630 > 80 [SYN] Seq=537737645 Win=512 Len=0	1
3631 > 80 [SYN] Seq=1693895986 Win=512 Len=0	1
3632 > 80 [SYN] Seq=569618636 Win=512 Len=0	1
3633 > 80 [SYN] Seq=1667193179 Win=512 Len=0	1
3634 > 80 [SYN] Seq=1336809517 Win=512 Len=0	1
3635 > 80 [SYN] Seq=814710699 Win=512 Len=0	1
3636 > 80 [SYN] Seq=377667157 Win=512 Len=0	1
3637 > 80 [SYN] Seq=1751170829 Win=512 Len=0	1
3638 > 80 [SYN] Seq=1366348335 Win=512 Len=0	1
3639 > 80 [SYN] Seq=1124014064 Win=512 Len=0	1
3640 > 80 [SYN] Seq=468883883 Win=512 Len=0	1
3641 > 80 [SYN] Seq=2118634555 Win=512 Len=0	1
3642 > 80 [SYN] Seq=1437538477 Win=512 Len=0	1
3643 > 80 [SYN] Seq=431766426 Win=512 Len=0	1
3644 > 80 [SYN] Seq=103596780 Win=512 Len=0	1
3645 > 80 [SYN] Seq=591539544 Win=512 Len=0	1
3646 > 80 [SYN] Seq=1616340585 Win=512 Len=0	1
3647 > 80 [SYN] Seq=1291086357 Win=512 Len=0	1
3648 > 80 [SYN] Seq=322331546 Win=512 Len=0	1
3649 > 80 [SYN] Seq=2089652565 Win=512 Len=0	1
3650 > 80 [SYN] Seq=2113167334 Win=512 Len=0	1
3651 > 80 [SYN] Seq=2075278932 Win=512 Len=0	1
3652 > 80 [SYN] Seq=1899052615 Win=512 Len=0	1
3653 > 80 [SYN] Seq=741477237 Win=512 Len=0	1
3654 > 80 [SYN] Seq=1860986304 Win=512 Len=0	1
3655 > 80 [SYN] Seq=2089154458 Win=512 Len=0	1
3656 > 80 [SYN] Seq=2059732969 Win=512 Len=0	1
3657 > 80 [SYN] Seq=941588120 Win=512 Len=0	1
3658 > 80 [SYN] Seq=333021357 Win=512 Len=0	1
3659 > 80 [SYN] Seq=23616580 Win=512 Len=0	1
3660 > 80 [SYN] Seq=787086663 Win=512 Len=0	1
3661 > 80 [SYN] Seq=1013685603 Win=512 Len=0	1
3662 > 80 [SYN] Seq=249825737 Win=512 Len=0	1
3663 > 80 [SYN] Seq=1212609349 Win=512 Len=0	1
3664 > 80 [SYN] Seq=1274262324 Win=512 Len=0	1
3665 > 80 [SYN] Seq=1771594177 Win=512 Len=0	1
3666 > 80 [SYN] Seq=1371831961 Win=512 Len=0	1
3667 > 80 [SYN] Seq=452642831 Win=512 Len=0	1
3668 > 80 [SYN] Seq=765197618 Win=512 Len=0	1
3669 > 80 [SYN] Seq=1528361009 Win=512 Len=0	1
3670 > 80 [SYN] Seq=1718663419 Win=512 Len=0	1
3671 > 80 [SYN] Seq=1804988733 Win=512 Len=0	1
3672 > 80 [SYN] Seq=1758487857 Win=512 Len=0	1
3673 > 80 [SYN] Seq=869215620 Win=512 Len=0	1
3674 > 80 [SYN] Seq=1716422098 Win=512 Len=0	1
3675 > 80 [SYN] Seq=108736773 Win=512 Len=0	1
3676 > 80 [SYN] Seq=932666487 Win=512 Len=0	1
3677 > 80 [SYN] Seq=1509584527 Win=512 Len=0	1
3678 > 80 [SYN] Seq=983093604 Win=512 Len=0	1
3679 > 80 [SYN] Seq=1823008911 Win=512 Len=0	1
3680 > 80 [SYN] Seq=1824015717 Win=512 Len=0	1
3681 > 80 [SYN] Seq=951797709 Win=512 Len=0	1
3682 > 80 [SYN] Seq=1281633819 Win=512 Len=0	1
3683 > 80 [SYN] Seq=417609365 Win=512 Len=0	1
3684 > 80 [SYN] Seq=1248685234 Win=512 Len=0	1
3685 > 80 [SYN] Seq=1340880434 Win=512 Len=0	1
3686 > 80 [SYN] Seq=635865774 Win=512 Len=0	1
3687 > 80 [SYN] Seq=1193374225 Win=512 Len=0	1
3688 > 80 [SYN] Seq=1807510258 Win=512 Len=0	1
3689 > 80 [SYN] Seq=663811582 Win=512 Len=0	1
3690 > 80 [SYN] Seq=2080862075 Win=512 Len=0	1
3691 > 80 [SYN] Seq=403297455 Win=512 Len=0	1
3692 > 80 [SYN] Seq=939770621 Win=512 Len=0	1
3693 > 80 [SYN] Seq=1792623663 Win=512 Len=0	1
3694 > 80 [SYN] Seq=2026982282 Win=512 Len=0	1
3695 > 80 [SYN] Seq=769625154 Win=512 Len=0	1
3696 > 80 [SYN] Seq=1939630105 Win=512 Len=0	1
3697 > 80 [SYN] Seq=466378151 Win=512 Len=0	1
3698 > 80 [SYN] Seq=1097479420 Win=512 Len=0	1
3699 > 80 [SYN] Seq=303164234 Win=512 Len=0	1
3700 > 80 [SYN] Seq=1759277251 Win=512 Len=0	1
3701 > 80 [SYN] Seq=742030946 Win=512 Len=0	1
3702 > 80 [SYN] Seq=1203897700 Win=512 Len=0	1
3703 > 80 [SYN] Seq=608398074 Win=512 Len=0	1
3704 > 80 [SYN] Seq=1972231337 Win=512 Len=0	1
3705 > 80 [SYN] Seq=569368642 Win=512 Len=0	1
3706 > 80 [SYN] Seq=803514059 Win=512 Len=0	1
3707 > 80 [SYN] Seq=1459850427 Win=512 Len=0	1
3708 > 80 [SYN] Seq=1900478625 Win=512 Len=0	1
3709 > 80 [SYN] Seq=961008610 Win=512 Len=0	1
3710 > 80 [SYN] Seq=464449293 Win=512 Len=0	1
3711 > 80 [SYN] Seq=87332742 Win=512 Len=0	1
3712 > 80 [SYN] Seq=781456668 Win=512 Len=0	1
3713 > 80 [SYN] Seq=1680971242 Win=512 Len=0	1
3714 > 80 [SYN] Seq=1056002180 Win=512 Len=0	1
3715 > 80 [SYN] Seq=155234718 Win=512 Len=0	1
3716 > 80 [SYN] Seq=319549290 Win=512 Len=0	1
3717 > 80 [SYN] Seq=37328021 Win=512 Len=0	1
3718 > 80 [SYN] Seq=501945138 Win=512 Len=0	1
3719 > 80 [SYN] Seq=1373427249 Win=512 Len=0	1
3720 > 80 [SYN] Seq=1168102290 Win=512 Len=0	1
3721 > 80 [SYN] Seq=1966832336 Win=512 Len=0	1
3722 > 80 [SYN] Seq=2025431193 Win=512 Len=0	1
3723 > 80 [SYN] Seq=136185835 Win=512 Len=0	1
3724 > 80 [SYN] Seq=239203573 Win=512 Len=0	1
3725 > 80 [SYN] Seq=66499395 Win=512 Len=0	1
3726 > 80 [SYN] Seq=387698454 Win=512 Len=0	1
3727 > 80 [SYN] Seq=994947207 Win=512 Len=0	1
3728 > 80 [SYN] Seq=207140158 Win=512 Len=0	1
3729 > 80 [SYN] Seq=1269240375 Win=512 Len=0	1
3730 > 80 [SYN] Seq=189444795 Win=512 Len=0	1
3731 > 80 [SYN] Seq=874514319 Win=512 Len=0	1
3732 > 80 [SYN] Seq=1918996245 Win=512 Len=0	1
3733 > 80 [SYN] Seq=231820978 Win=512 Len=0	1
3734 > 80 [SYN] Seq=716353887 Win=512 Len=0	1
3735 > 80 [SYN] Seq=1049859015 Win=512 Len=0	1
3736 > 80 [SYN] Seq=1801705002 Win=512 Len=0	1
3737 > 80 [SYN] Seq=1627922261 Win=512 Len=0	1
3738 > 80 [SYN] Seq=1988361217 Win=512 Len=0	1
3739 > 80 [SYN] Seq=488533201 Win=512 Len=0	1
3740 > 80 [SYN] Seq=236930471 Win=512 Len=0	1
3741 > 80 [SYN] Seq=1698002320 Win=512 Len=0	1
3742 > 80 [SYN] Seq=664114195 Win=512 Len=0	1
3743 > 80 [SYN] Seq=64206411 Win=512 Len=0	1
3744 > 80 [SYN] Seq=1579250212 Win=512 Len=0	1
3745 > 80 [SYN] Seq=1970280481 Win=512 Len=0	1
3746 > 80 [SYN] Seq=1392531937 Win=512 Len=0	1
3747 > 80 [SYN] Seq=165553870 Win=512 Len=0	1
3748 > 80 [SYN] Seq=474157949 Win=512 Len=0	1
3749 > 80 [SYN] Seq=672805665 Win=512 Len=0	1
3750 > 80 [SYN] Seq=2134924267 Win=512 Len=0	1
3751 > 80 [SYN] Seq=1733648750 Win=512 Len=0	1
3752 > 80 [SYN] Seq=1435811449 Win=512 Len=0	1
3753 > 80 [SYN] Seq=1119359909 Win=512 Len=0	1
3754 > 80 [SYN] Seq=920479966 Win=512 Len=0	1
3755 > 80 [SYN] Seq=1078375193 Win=512 Len=0	1
3756 > 80 [SYN] Seq=1659544985 Win=512 Len=0	1
3757 > 80 [SYN] Seq=904204148 Win=512 Len=0	1
3758 > 80 [SYN] Seq=1954783538 Win=512 Len=0	1
3759 > 80 [SYN] Seq=723456016 Win=512 Len=0	1
3760 > 80 [SYN] Seq=626945607 Win=512 Len=0	1
3761 > 80 [SYN] Seq=1854697105 Win=512 Len=0	1
3762 > 80 [SYN] Seq=986257534 Win=512 Len=0	1
3763 > 80 [SYN] Seq=2088106787 Win=512 Len=0	1
3764 > 80 [SYN] Seq=1097098547 Win=512 Len=0	1
3765 > 80 [SYN] Seq=877070349 Win=512 Len=0	1
3766 > 80 [SYN] Seq=330397560 Win=512 Len=0	1
3767 > 80 [SYN] Seq=1258785183 Win=512 Len=0	1
3768 > 80 [SYN] Seq=995188182 Win=512 Len=0	1
3769 > 80 [SYN] Seq=1527967775 Win=512 Len=0	1
3770 > 80 [SYN] Seq=1198173515 Win=512 Len=0	1
3771 > 80 [SYN] Seq=242735875 Win=512 Len=0	1
3772 > 80 [SYN] Seq=359657174 Win=512 Len=0	1
3773 > 80 [SYN] Seq=65567959 Win=512 Len=0	1
3774 > 80 [SYN] Seq=1572158291 Win=512 Len=0	1
3775 > 80 [SYN] Seq=16227436 Win=512 Len=0	1
3776 > 80 [SYN] Seq=1663023173 Win=512 Len=0	1
3777 > 80 [SYN] Seq=1462626493 Win=512 Len=0	1
3778 > 80 [SYN] Seq=1728074916 Win=512 Len=0	1
3779 > 80 [SYN] Seq=786042742 Win=512 Len=0	1
3780 > 80 [SYN] Seq=1456819285 Win=512 Len=0	1
3781 > 80 [SYN] Seq=1580361516 Win=512 Len=0	1
3782 > 80 [SYN] Seq=742834538 Win=512 Len=0	1
3783 > 80 [SYN] Seq=380049800 Win=512 Len=0	1
3784 > 80 [SYN] Seq=1611367210 Win=512 Len=0	1
3785 > 80 [SYN] Seq=1062299440 Win=512 Len=0	1
3786 > 80 [SYN] Seq=1958705331 Win=512 Len=0	1
3787 > 80 [SYN] Seq=1665162573 Win=512 Len=0	1
3788 > 80 [SYN] Seq=1085875313 Win=512 Len=0	1
3789 > 80 [SYN] Seq=28143443 Win=512 Len=0	1
3790 > 80 [SYN] Seq=1362906626 Win=512 Len=0	1
3791 > 80 [SYN] Seq=1422143173 Win=512 Len=0	1
3792 > 80 [SYN] Seq=2060550190 Win=512 Len=0	1
3793 > 80 [SYN] Seq=2116901563 Win=512 Len=0	1
3794 > 80 [SYN] Seq=1531820430 Win=512 Len=0	1
3795 > 80 [SYN] Seq=1402405340 Win=512 Len=0	1
3796 > 80 [SYN] Seq=458242994 Win=512 Len=0	1
3797 > 80 [SYN] Seq=1177214601 Win=512 Len=0	1
3798 > 80 [SYN] Seq=523138047 Win=512 Len=0	1
3799 > 80 [SYN] Seq=1638685162 Win=512 Len=0	1
3800 > 80 [SYN] Seq=1756856426 Win=512 Len=0	1
3801 > 80 [SYN] Seq=2075825354 Win=512 Len=0	1
3802 > 80 [SYN] Seq=690844173 Win=512 Len=0	1
3803 > 80 [SYN] Seq=109053705 Win=512 Len=0	1
3804 > 80 [SYN] Seq=396021910 Win=512 Len=0	1
3805 > 80 [SYN] Seq=976423430 Win=512 Len=0	1
3806 > 80 [SYN] Seq=1866485702 Win=512 Len=0	1
3807 > 80 [SYN] Seq=434264603 Win=512 Len=0	1
3808 > 80 [SYN] Seq=289870274 Win=512 Len=0	1
3809 > 80 [SYN] Seq=1013893984 Win=512 Len=0	1
3810 > 80 [SYN] Seq=1244894827 Win=512 Len=0	1
3811 > 80 [SYN] Seq=292208439 Win=512 Len=0	1
3812 > 80 [SYN] Seq=1883679985 Win=512 Len=0	1
3813 > 80 [SYN] Seq=319693059 Win=512 Len=0	1
3814 > 80 [SYN] Seq=275264758 Win=512 Len=0	1
3815 > 80 [SYN] Seq=1214278644 Win=512 Len=0	1
3816 > 80 [SYN] Seq=2051550510 Win=512 Len=0	1
3817 > 80 [SYN] Seq=450818390 Win=512 Len=0	1
3818 > 80 [SYN] Seq=224728507 Win=512 Len=0	1
3819 > 80 [SYN] Seq=311672525 Win=512 Len=0	1
3820 > 80 [SYN] Seq=739793887 Win=512 Len=0	1
3821 > 80 [SYN] Seq=724515572 Win=512 Len=0	1
3822 > 80 [SYN] Seq=1687980753 Win=512 Len=0	1
3823 > 80 [SYN] Seq=1395772325 Win=512 Len=0	1
3824 > 80 [SYN] Seq=1964791850 Win=512 Len=0	1
3825 > 80 [SYN] Seq=631892463 Win=512 Len=0	1
3826 > 80 [SYN] Seq=946963152 Win=512 Len=0	1
3827 > 80 [SYN] Seq=1220763265 Win=512 Len=0	1
3828 > 80 [SYN] Seq=483023753 Win=512 Len=0	1
3829 > 80 [SYN] Seq=1404366313 Win=512 Len=0	1
3830 > 80 [SYN] Seq=1328508810 Win=512 Len=0	1
3831 > 80 [SYN] Seq=2012307671 Win=512 Len=0	1
3832 > 80 [SYN] Seq=1236620954 Win=512 Len=0	1
3833 > 80 [SYN] Seq=1839776482 Win=512 Len=0	1
3834 > 80 [SYN] Seq=1783344311 Win=512 Len=0	1
3835 > 80 [SYN] Seq=1463346351 Win=512 Len=0	1
3836 > 80 [SYN] Seq=1856206033 Win=512 Len=0	1
3837 > 80 [SYN] Seq=533441763 Win=512 Len=0	1
3838 > 80 [SYN] Seq=76801791 Win=512 Len=0	1
3839 > 80 [SYN] Seq=776156392 Win=512 Len=0	1
3840 > 80 [SYN] Seq=1497915902 Win=512 Len=0	1
3841 > 80 [SYN] Seq=1339491501 Win=512 Len=0	1
3842 > 80 [SYN] Seq=593091628 Win=512 Len=0	1
3843 > 80 [SYN] Seq=1142396267 Win=512 Len=0	1
3844 > 80 [SYN] Seq=1159614830 Win=512 Len=0	1
3845 > 80 [SYN] Seq=920012075 Win=512 Len=0	1
3846 > 80 [SYN] Seq=1637866648 Win=512 Len=0	1
3847 > 80 [SYN] Seq=1069761761 Win=512 Len=0	1
3848 > 80 [SYN] Seq=1813999454 Win=512 Len=0	1
3849 > 80 [SYN] Seq=1947824586 Win=512 Len=0	1
3850 > 80 [SYN] Seq=1782909681 Win=512 Len=0	1
3851 > 80 [SYN] Seq=2059048627 Win=512 Len=0	1
3852 > 80 [SYN] Seq=1353273348 Win=512 Len=0	1
3853 > 80 [SYN] Seq=1353564599 Win=512 Len=0	1
3854 > 80 [SYN] Seq=1308211055 Win=512 Len=0	1
3855 > 80 [SYN] Seq=1034520920 Win=512 Len=0	1
3856 > 80 [SYN] Seq=1164386655 Win=512 Len=0	1
3857 > 80 [SYN] Seq=497287766 Win=512 Len=0	1
3858 > 80 [SYN] Seq=253987518 Win=512 Len=0	1
3859 > 80 [SYN] Seq=917509663 Win=512 Len=0	1
3860 > 80 [SYN] Seq=1744736868 Win=512 Len=0	1
3861 > 80 [SYN] Seq=1916694293 Win=512 Len=0	1
3862 > 80 [SYN] Seq=1298205963 Win=512 Len=0	1
3863 > 80 [SYN] Seq=1125892831 Win=512 Len=0	1
3864 > 80 [SYN] Seq=1092047731 Win=512 Len=0	1
3865 > 80 [SYN] Seq=832531327 Win=512 Len=0	1
3866 > 80 [SYN] Seq=1810689970 Win=512 Len=0	1
3867 > 80 [SYN] Seq=1587762398 Win=512 Len=0	1
3868 > 80 [SYN] Seq=697190373 Win=512 Len=0	1
3869 > 80 [SYN] Seq=1363259334 Win=512 Len=0	1
3870 > 80 [SYN] Seq=67158378 Win=512 Len=0	1
3871 > 80 [SYN] Seq=454287055 Win=512 Len=0	1
3872 > 80 [SYN] Seq=1716653219 Win=512 Len=0	1
3873 > 80 [SYN] Seq=152381201 Win=512 Len=0	1
3874 > 80 [SYN] Seq=1198834564 Win=512 Len=0	1
3875 > 80 [SYN] Seq=1720660843 Win=512 Len=0	1
3876 > 80 [SYN] Seq=490388465 Win=512 Len=0	1
3877 > 80 [SYN] Seq=1293367726 Win=512 Len=0	1
3878 > 80 [SYN] Seq=904393092 Win=512 Len=0	1
3879 > 80 [SYN] Seq=1137464016 Win=512 Len=0	1
3880 > 80 [SYN] Seq=1792921438 Win=512 Len=0	1
3881 > 80 [SYN] Seq=358707741 Win=512 Len=0	1
3882 > 80 [SYN] Seq=1041355202 Win=512 Len=0	1
3883 > 80 [SYN] Seq=899169872 Win=512 Len=0	1
3884 > 80 [SYN] Seq=1285716350 Win=512 Len=0	1
3885 > 80 [SYN] Seq=1361722045 Win=512 Len=0	1
3886 > 80 [SYN] Seq=14224227 Win=512 Len=0	1
3887 > 80 [SYN] Seq=555093201 Win=512 Len=0	1
3888 > 80 [SYN] Seq=1334133085 Win=512 Len=0	1
3889 > 80 [SYN] Seq=457847749 Win=512 Len=0	1
3890 > 80 [SYN] Seq=991230505 Win=512 Len=0	1
3891 > 80 [SYN] Seq=384050924 Win=512 Len=0	1
3892 > 80 [SYN] Seq=553003300 Win=512 Len=0	1
3893 > 80 [SYN] Seq=648809948 Win=512 Len=0	1
3894 > 80 [SYN] Seq=1797363699 Win=512 Len=0	1
3895 > 80 [SYN] Seq=795744988 Win=512 Len=0	1
3896 > 80 [SYN] Seq=623968792 Win=512 Len=0	1
3897 > 80 [SYN] Seq=945241432 Win=512 Len=0	1
3898 > 80 [SYN] Seq=1199841658 Win=512 Len=0	1
3899 > 80 [SYN] Seq=2084959844 Win=512 Len=0	1
3900 > 80 [SYN] Seq=668888028 Win=512 Len=0	1
3901 > 80 [SYN] Seq=1313751885 Win=512 Len=0	1
3902 > 80 [SYN] Seq=178871173 Win=512 Len=0	1
3903 > 80 [SYN] Seq=1128382761 Win=512 Len=0	1
3904 > 80 [SYN] Seq=19700552 Win=512 Len=0	1
3905 > 80 [SYN] Seq=199142760 Win=512 Len=0	1
3906 > 80 [SYN] Seq=1239886580 Win=512 Len=0	1
3907 > 80 [SYN] Seq=1484836830 Win=512 Len=0	1
3908 > 80 [SYN] Seq=79877587 Win=512 Len=0	1
3909 > 80 [SYN] Seq=76885593 Win=512 Len=0	1
3910 > 80 [SYN] Seq=465841215 Win=512 Len=0	1
3911 > 80 [SYN] Seq=892182243 Win=512 Len=0	1
3912 > 80 [SYN] Seq=1714616420 Win=512 Len=0	1
3913 > 80 [SYN] Seq=1827015298 Win=512 Len=0	1
3914 > 80 [SYN] Seq=2128548751 Win=512 Len=0	1
3915 > 80 [SYN] Seq=1757449480 Win=512 Len=0	1
3916 > 80 [SYN] Seq=2075439530 Win=512 Len=0	1
3917 > 80 [SYN] Seq=949259482 Win=512 Len=0	1
3918 > 80 [SYN] Seq=1081486184 Win=512 Len=0	1
3919 > 80 [SYN] Seq=1658769074 Win=512 Len=0	1
3920 > 80 [SYN] Seq=991472253 Win=512 Len=0	1
3921 > 80 [SYN] Seq=70826227 Win=512 Len=0	1
3922 > 80 [SYN] Seq=1428365568 Win=512 Len=0	1
3923 > 80 [SYN] Seq=1322126279 Win=512 Len=0	1
3924 > 80 [SYN] Seq=400918308 Win=512 Len=0	1
3925 > 80 [SYN] Seq=462105355 Win=512 Len=0	1
3926 > 80 [SYN] Seq=153948760 Win=512 Len=0	1
3927 > 80 [SYN] Seq=100417315 Win=512 Len=0	1
3928 > 80 [SYN] Seq=1246752452 Win=512 Len=0	1
3929 > 80 [SYN] Seq=497828534 Win=512 Len=0	1
3930 > 80 [SYN] Seq=2086089052 Win=512 Len=0	1
3931 > 80 [SYN] Seq=237971092 Win=512 Len=0	1
3932 > 80 [SYN] Seq=562193835 Win=512 Len=0	1
3933 > 80 [SYN] Seq=1090144805 Win=512 Len=0	1
3934 > 80 [SYN] Seq=802723117 Win=512 Len=0	1
3935 > 80 [SYN] Seq=1867112970 Win=512 Len=0	1
3936 > 80 [SYN] Seq=187489829 Win=512 Len=0	1
3937 > 80 [SYN] Seq=1298707570 Win=512 Len=0	1
3938 > 80 [SYN] Seq=243152080 Win=512 Len=0	1
3939 > 80 [SYN] Seq=1395668242 Win=512 Len=0	1
3940 > 80 [SYN] Seq=538174353 Win=512 Len=0	1
3941 > 80 [SYN] Seq=283995276 Win=512 Len=0	1
3942 > 80 [SYN] Seq=1525313255 Win=512 Len=0	1
3943 > 80 [SYN] Seq=1681777413 Win=512 Len=0	1
3944 > 80 [SYN] Seq=432919401 Win=512 Len=0	1
3945 > 80 [SYN] Seq=2054771618 Win=512 Len=0	1
3946 > 80 [SYN] Seq=1862332600 Win=512 Len=0	1
3947 > 80 [SYN] Seq=1931041877 Win=512 Len=0	1
3948 > 80 [SYN] Seq=1062675284 Win=512 Len=0	1
3949 > 80 [SYN] Seq=338719005 Win=512 Len=0	1
3950 > 80 [SYN] Seq=1417942113 Win=512 Len=0	1
3951 > 80 [SYN] Seq=996849566 Win=512 Len=0	1
3952 > 80 [SYN] Seq=1293751239 Win=512 Len=0	1
3953 > 80 [SYN] Seq=1589529053 Win=512 Len=0	1
3954 > 80 [SYN] Seq=1058825639 Win=512 Len=0	1
3955 > 80 [SYN] Seq=102559304 Win=512 Len=0	1
3956 > 80 [SYN] Seq=1330319053 Win=512 Len=0	1
3957 > 80 [SYN] Seq=601086350 Win=512 Len=0	1
3958 > 80 [SYN] Seq=162762159 Win=512 Len=0	1
3959 > 80 [SYN] Seq=1262098931 Win=512 Len=0	1
3960 > 80 [SYN] Seq=101957906 Win=512 Len=0	1
3961 > 80 [SYN] Seq=915911783 Win=512 Len=0	1
3962 > 80 [SYN] Seq=1794448007 Win=512 Len=0	1
3963 > 80 [SYN] Seq=1152276765 Win=512 Len=0	1
3964 > 80 [SYN] Seq=79542862 Win=512 Len=0	1
3965 > 80 [SYN] Seq=1526453064 Win=512 Len=0	1
3966 > 80 [SYN] Seq=917669397 Win=512 Len=0	1
3967 > 80 [SYN] Seq=588165337 Win=512 Len=0	1
3968 > 80 [SYN] Seq=1836648455 Win=512 Len=0	1
3969 > 80 [SYN] Seq=611303535 Win=512 Len=0	1
3970 > 80 [SYN] Seq=455282469 Win=512 Len=0	1
3971 > 80 [SYN] Seq=1906759609 Win=512 Len=0	1
3972 > 80 [SYN] Seq=954762936 Win=512 Len=0	1
3973 > 80 [SYN] Seq=1272089353 Win=512 Len=0	1
3974 > 80 [SYN] Seq=245548977 Win=512 Len=0	1
3975 > 80 [SYN] Seq=455544857 Win=512 Len=0	1
3976 > 80 [SYN] Seq=1809364963 Win=512 Len=0	1
3977 > 80 [SYN] Seq=1874374599 Win=512 Len=0	1
3978 > 80 [SYN] Seq=434131994 Win=512 Len=0	1
3979 > 80 [SYN] Seq=698796082 Win=512 Len=0	1
3980 > 80 [SYN] Seq=859602218 Win=512 Len=0	1
3981 > 80 [SYN] Seq=187008869 Win=512 Len=0	1
3982 > 80 [SYN] Seq=1825349247 Win=512 Len=0	1
3983 > 80 [SYN] Seq=625923649 Win=512 Len=0	1
3984 > 80 [SYN] Seq=325744776 Win=512 Len=0	1
3985 > 80 [SYN] Seq=1983638267 Win=512 Len=0	1
3986 > 80 [SYN] Seq=1407196131 Win=512 Len=0	1
3987 > 80 [SYN] Seq=2074221068 Win=512 Len=0	1
3988 > 80 [SYN] Seq=290832134 Win=512 Len=0	1
3989 > 80 [SYN] Seq=514758784 Win=512 Len=0	1
3990 > 80 [SYN] Seq=1860616300 Win=512 Len=0	1
3991 > 80 [SYN] Seq=135395294 Win=512 Len=0	1
3992 > 80 [SYN] Seq=549974843 Win=512 Len=0	1
3993 > 80 [SYN] Seq=603835660 Win=512 Len=0	1
3994 > 80 [SYN] Seq=1449254508 Win=512 Len=0	1
3995 > 80 [SYN] Seq=1018290603 Win=512 Len=0	1
3996 > 80 [SYN] Seq=837397009 Win=512 Len=0	1
3997 > 80 [SYN] Seq=1824243123 Win=512 Len=0	1
3998 > 80 [SYN] Seq=272026986 Win=512 Len=0	1
3999 > 80 [SYN] Seq=164880701 Win=512 Len=0	1
4000 > 80 [SYN] Seq=2114107804 Win=512 Len=0	1
4001 > 80 [SYN] Seq=132539819 Win=512 Len=0	1
4002 > 80 [SYN] Seq=421903651 Win=512 Len=0	1
4003 > 80 [SYN] Seq=1789478589 Win=512 Len=0	1
4004 > 80 [SYN] Seq=1212386690 Win=512 Len=0	1
4005 > 80 [SYN] Seq=1083660578 Win=512 Len=0	1
4006 > 80 [SYN] Seq=1858845110 Win=512 Len=0	1
4007 > 80 [SYN] Seq=1052337954 Win=512 Len=0	1
4008 > 80 [SYN] Seq=538513709 Win=512 Len=0	1
4009 > 80 [SYN] Seq=751504368 Win=512 Len=0	1
4010 > 80 [SYN] Seq=242622367 Win=512 Len=0	1
4011 > 80 [SYN] Seq=2018953571 Win=512 Len=0	1
4012 > 80 [SYN] Seq=1972539553 Win=512 Len=0	1
4013 > 80 [SYN] Seq=1928729562 Win=512 Len=0	1
4014 > 80 [SYN] Seq=365963598 Win=512 Len=0	1
4015 > 80 [SYN] Seq=1904953734 Win=512 Len=0	1
4016 > 80 [SYN] Seq=2086887293 Win=512 Len=0	1
4017 > 80 [SYN] Seq=171476759 Win=512 Len=0	1
4018 > 80 [SYN] Seq=380426848 Win=512 Len=0	1
4019 > 80 [SYN] Seq=857086047 Win=512 Len=0	1
4020 > 80 [SYN] Seq=2116213139 Win=512 Len=0	1
4021 > 80 [SYN] Seq=1723457129 Win=512 Len=0	1
4022 > 80 [SYN] Seq=1961696959 Win=512 Len=0	1
4023 > 80 [SYN] Seq=1233423824 Win=512 Len=0	1
4024 > 80 [SYN] Seq=142473385 Win=512 Len=0	1
4025 > 80 [SYN] Seq=138100150 Win=512 Len=0	1
4026 > 80 [SYN] Seq=91111075 Win=512 Len=0	1
4027 > 80 [SYN] Seq=838903168 Win=512 Len=0	1
4028 > 80 [SYN] Seq=2058235906 Win=512 Len=0	1
4029 > 80 [SYN] Seq=1873652627 Win=512 Len=0	1
4030 > 80 [SYN] Seq=450034033 Win=512 Len=0	1
4031 > 80 [SYN] Seq=2048971575 Win=512 Len=0	1
4032 > 80 [SYN] Seq=360554128 Win=512 Len=0	1
4033 > 80 [SYN] Seq=101652641 Win=512 Len=0	1
4034 > 80 [SYN] Seq=914262054 Win=512 Len=0	1
4035 > 80 [SYN] Seq=1863285409 Win=512 Len=0	1
4036 > 80 [SYN] Seq=1884899637 Win=512 Len=0	1
4037 > 80 [SYN] Seq=690466200 Win=512 Len=0	1
4038 > 80 [SYN] Seq=1479806701 Win=512 Len=0	1
4039 > 80 [SYN] Seq=496467552 Win=512 Len=0	1
4040 > 80 [SYN] Seq=639436770 Win=512 Len=0	1
4041 > 80 [SYN] Seq=3853074 Win=512 Len=0	1
4042 > 80 [SYN] Seq=608670035 Win=512 Len=0	1
4043 > 80 [SYN] Seq=131459910 Win=512 Len=0	1
4044 > 80 [SYN] Seq=500952262 Win=512 Len=0	1
4045 > 80 [SYN] Seq=2083110689 Win=512 Len=0	1
4046 > 80 [SYN] Seq=340437980 Win=512 Len=0	1
4047 > 80 [SYN] Seq=1654788725 Win=512 Len=0	1
4048 > 80 [SYN] Seq=1902672387 Win=512 Len=0	1
4049 > 80 [SYN] Seq=1464515816 Win=512 Len=0	1
4050 > 80 [SYN] Seq=1197405057 Win=512 Len=0	1
4051 > 80 [SYN] Seq=1070069603 Win=512 Len=0	1
4052 > 80 [SYN] Seq=658482933 Win=512 Len=0	1
4053 > 80 [SYN] Seq=1924342008 Win=512 Len=0	1
4054 > 80 [SYN] Seq=1806103355 Win=512 Len=0	1
4055 > 80 [SYN] Seq=446240360 Win=512 Len=0	1
4056 > 80 [SYN] Seq=130336821 Win=512 Len=0	1
4057 > 80 [SYN] Seq=949503814 Win=512 Len=0	1
4058 > 80 [SYN] Seq=1595160859 Win=512 Len=0	1
4059 > 80 [SYN] Seq=1978060215 Win=512 Len=0	1
4060 > 80 [SYN] Seq=1824370860 Win=512 Len=0	1
4061 > 80 [SYN] Seq=1584126829 Win=512 Len=0	1
4062 > 80 [SYN] Seq=1158816047 Win=512 Len=0	1
4063 > 80 [SYN] Seq=908992644 Win=512 Len=0	1
4064 > 80 [SYN] Seq=936309261 Win=512 Len=0	1
4065 > 80 [SYN] Seq=7544303 Win=512 Len=0	1
4066 > 80 [SYN] Seq=2133466828 Win=512 Len=0	1
4067 > 80 [SYN] Seq=609041881 Win=512 Len=0	1
4068 > 80 [SYN] Seq=419702960 Win=512 Len=0	1
4069 > 80 [SYN] Seq=897773116 Win=512 Len=0	1
4070 > 80 [SYN] Seq=392236255 Win=512 Len=0	1
4071 > 80 [SYN] Seq=1690012793 Win=512 Len=0	1
4072 > 80 [SYN] Seq=499988510 Win=512 Len=0	1
4073 > 80 [SYN] Seq=1725800735 Win=512 Len=0	1
4074 > 80 [SYN] Seq=1203942084 Win=512 Len=0	1
4075 > 80 [SYN] Seq=1582848467 Win=512 Len=0	1
4076 > 80 [SYN] Seq=650663277 Win=512 Len=0	1
4077 > 80 [SYN] Seq=895308142 Win=512 Len=0	1
4078 > 80 [SYN] Seq=1824088139 Win=512 Len=0	1
4079 > 80 [SYN] Seq=1044708360 Win=512 Len=0	1
4080 > 80 [SYN] Seq=21684620 Win=512 Len=0	1
4081 > 80 [SYN] Seq=2099905625 Win=512 Len=0	1
4082 > 80 [SYN] Seq=1906990034 Win=512 Len=0	1
4083 > 80 [SYN] Seq=101420780 Win=512 Len=0	1
4084 > 80 [SYN] Seq=755023520 Win=512 Len=0	1
4085 > 80 [SYN] Seq=1378934313 Win=512 Len=0	1
4086 > 80 [SYN] Seq=271909870 Win=512 Len=0	1
4087 > 80 [SYN] Seq=1859254309 Win=512 Len=0	1
4088 > 80 [SYN] Seq=648020500 Win=512 Len=0	1
4089 > 80 [SYN] Seq=380852952 Win=512 Len=0	1
4090 > 80 [SYN] Seq=888328230 Win=512 Len=0	1
4091 > 80 [SYN] Seq=1847333548 Win=512 Len=0	1
4092 > 80 [SYN] Seq=547028439 Win=512 Len=0	1
4093 > 80 [SYN] Seq=293712597 Win=512 Len=0	1
4094 > 80 [SYN] Seq=1996378668 Win=512 Len=0	1
4095 > 80 [SYN] Seq=148884969 Win=512 Len=0	1
4096 > 80 [SYN] Seq=1201226746 Win=512 Len=0	1
4097 > 80 [SYN] Seq=844419883 Win=512 Len=0	1
4098 > 80 [SYN] Seq=1834989911 Win=512 Len=0	1
4099 > 80 [SYN] Seq=297672492 Win=512 Len=0	1
4100 > 80 [SYN] Seq=1425208040 Win=512 Len=0	1
4101 > 80 [SYN] Seq=1314865514 Win=512 Len=0	1
4102 > 80 [SYN] Seq=1656657706 Win=512 Len=0	1
4103 > 80 [SYN] Seq=803089480 Win=512 Len=0	1
4104 > 80 [SYN] Seq=479961570 Win=512 Len=0	1
4105 > 80 [SYN] Seq=1891216061 Win=512 Len=0	1
4106 > 80 [SYN] Seq=177250476 Win=512 Len=0	1
4107 > 80 [SYN] Seq=283695390 Win=512 Len=0	1
4108 > 80 [SYN] Seq=958375296 Win=512 Len=0	1
4109 > 80 [SYN] Seq=1877894686 Win=512 Len=0	1
4110 > 80 [SYN] Seq=1939478272 Win=512 Len=0	1
4111 > 80 [SYN] Seq=1164810674 Win=512 Len=0	1
4112 > 80 [SYN] Seq=1653797517 Win=512 Len=0	1
4113 > 80 [SYN] Seq=1018461539 Win=512 Len=0	1
4114 > 80 [SYN] Seq=1507707168 Win=512 Len=0	1
4115 > 80 [SYN] Seq=1729074278 Win=512 Len=0	1
4116 > 80 [SYN] Seq=914013532 Win=512 Len=0	1
4117 > 80 [SYN] Seq=1481918450 Win=512 Len=0	1
4118 > 80 [SYN] Seq=997076043 Win=512 Len=0	1
4119 > 80 [SYN] Seq=107506813 Win=512 Len=0	1
4120 > 80 [SYN] Seq=1341547360 Win=512 Len=0	1
4121 > 80 [SYN] Seq=1292558617 Win=512 Len=0	1
4122 > 80 [SYN] Seq=1807874134 Win=512 Len=0	1
4123 > 80 [SYN] Seq=1287038702 Win=512 Len=0	1
4124 > 80 [SYN] Seq=23764917 Win=512 Len=0	1
4125 > 80 [SYN] Seq=14431449 Win=512 Len=0	1
4126 > 80 [SYN] Seq=1407923267 Win=512 Len=0	1
4127 > 80 [SYN] Seq=1110499820 Win=512 Len=0	1
4128 > 80 [SYN] Seq=2114064640 Win=512 Len=0	1
4129 > 80 [SYN] Seq=1958640342 Win=512 Len=0	1
4130 > 80 [SYN] Seq=941899418 Win=512 Len=0	1
4131 > 80 [SYN] Seq=489049910 Win=512 Len=0	1
4132 > 80 [SYN] Seq=1914957330 Win=512 Len=0	1
4133 > 80 [SYN] Seq=433828442 Win=512 Len=0	1
4134 > 80 [SYN] Seq=1143720022 Win=512 Len=0	1
4135 > 80 [SYN] Seq=229626343 Win=512 Len=0	1
4136 > 80 [SYN] Seq=1730247114 Win=512 Len=0	1
4137 > 80 [SYN] Seq=1527865517 Win=512 Len=0	1
4138 > 80 [SYN] Seq=2053660588 Win=512 Len=0	1
4139 > 80 [SYN] Seq=2118523977 Win=512 Len=0	1
4140 > 80 [SYN] Seq=1452866720 Win=512 Len=0	1
4141 > 80 [SYN] Seq=1996167091 Win=512 Len=0	1
4142 > 80 [SYN] Seq=618268466 Win=512 Len=0	1
4143 > 80 [SYN] Seq=1120452012 Win=512 Len=0	1
4144 > 80 [SYN] Seq=226211970 Win=512 Len=0	1
4145 > 80 [SYN] Seq=1590739158 Win=512 Len=0	1
4146 > 80 [SYN] Seq=500656910 Win=512 Len=0	1
4147 > 80 [SYN] Seq=17462405 Win=512 Len=0	1
4148 > 80 [SYN] Seq=1623074095 Win=512 Len=0	1
4149 > 80 [SYN] Seq=2019600726 Win=512 Len=0	1
4150 > 80 [SYN] Seq=1314549112 Win=512 Len=0	1
4151 > 80 [SYN] Seq=849466613 Win=512 Len=0	1
4152 > 80 [SYN] Seq=1916911846 Win=512 Len=0	1
4153 > 80 [SYN] Seq=2029791651 Win=512 Len=0	1
4154 > 80 [SYN] Seq=327661080 Win=512 Len=0	1
4155 > 80 [SYN] Seq=1129252348 Win=512 Len=0	1
4156 > 80 [SYN] Seq=154029608 Win=512 Len=0	1
4157 > 80 [SYN] Seq=957399775 Win=512 Len=0	1
4158 > 80 [SYN] Seq=354895373 Win=512 Len=0	1
4159 > 80 [SYN] Seq=460581042 Win=512 Len=0	1
4160 > 80 [SYN] Seq=1085613476 Win=512 Len=0	1
4161 > 80 [SYN] Seq=1024408446 Win=512 Len=0	1
4162 > 80 [SYN] Seq=766015861 Win=512 Len=0	1
4163 > 80 [SYN] Seq=77909404 Win=512 Len=0	1
4164 > 80 [SYN] Seq=1541401165 Win=512 Len=0	1
4165 > 80 [SYN] Seq=2005243871 Win=512 Len=0	1
4166 > 80 [SYN] Seq=1699063865 Win=512 Len=0	1
4167 > 80 [SYN] Seq=205624612 Win=512 Len=0	1
4168 > 80 [SYN] Seq=1200275279 Win=512 Len=0	1
4169 > 80 [SYN] Seq=294225509 Win=512 Len=0	1
4170 > 80 [SYN] Seq=1753482927 Win=512 Len=0	1
4171 > 80 [SYN] Seq=588463311 Win=512 Len=0	1
4172 > 80 [SYN] Seq=942817398 Win=512 Len=0	1
4173 > 80 [SYN] Seq=1287330008 Win=512 Len=0	1
4174 > 80 [SYN] Seq=594969505 Win=512 Len=0	1
4175 > 80 [SYN] Seq=1239431506 Win=512 Len=0	1
4176 > 80 [SYN] Seq=516487875 Win=512 Len=0	1
4177 > 80 [SYN] Seq=1074279170 Win=512 Len=0	1
4178 > 80 [SYN] Seq=782784147 Win=512 Len=0	1
4179 > 80 [SYN] Seq=1265076903 Win=512 Len=0	1
4180 > 80 [SYN] Seq=245790866 Win=512 Len=0	1
4181 > 80 [SYN] Seq=1186958798 Win=512 Len=0	1
4182 > 80 [SYN] Seq=643080014 Win=512 Len=0	1
4183 > 80 [SYN] Seq=531066362 Win=512 Len=0	1
4184 > 80 [SYN] Seq=733225845 Win=512 Len=0	1
4185 > 80 [SYN] Seq=1577219542 Win=512 Len=0	1
4186 > 80 [SYN] Seq=2044816155 Win=512 Len=0	1
4187 > 80 [SYN] Seq=142561644 Win=512 Len=0	1
4188 > 80 [SYN] Seq=1122823081 Win=512 Len=0	1
4189 > 80 [SYN] Seq=1045528542 Win=512 Len=0	1
4190 > 80 [SYN] Seq=371259071 Win=512 Len=0	1
4191 > 80 [SYN] Seq=185628144 Win=512 Len=0	1
4192 > 80 [SYN] Seq=1513044207 Win=512 Len=0	1
4193 > 80 [SYN] Seq=824555825 Win=512 Len=0	1
4194 > 80 [SYN] Seq=345556050 Win=512 Len=0	1
4195 > 80 [SYN] Seq=1617446048 Win=512 Len=0	1
4196 > 80 [SYN] Seq=203018745 Win=512 Len=0	1
4197 > 80 [SYN] Seq=2096305304 Win=512 Len=0	1
4198 > 80 [SYN] Seq=1060479392 Win=512 Len=0	1
4199 > 80 [SYN] Seq=443299936 Win=512 Len=0	1
4200 > 80 [SYN] Seq=538992446 Win=512 Len=0	1
4201 > 80 [SYN] Seq=953556201 Win=512 Len=0	1
4202 > 80 [SYN] Seq=127970864 Win=512 Len=0	1
4203 > 80 [SYN] Seq=1152537482 Win=512 Len=0	1
4204 > 80 [SYN] Seq=1019618766 Win=512 Len=0	1
4205 > 80 [SYN] Seq=324184223 Win=512 Len=0	1
4206 > 80 [SYN] Seq=305665358 Win=512 Len=0	1
4207 > 80 [SYN] Seq=1480550047 Win=512 Len=0	1
4208 > 80 [SYN] Seq=628150164 Win=512 Len=0	1
4209 > 80 [SYN] Seq=678733504 Win=512 Len=0	1
4210 > 80 [SYN] Seq=749893323 Win=512 Len=0	1
4211 > 80 [SYN] Seq=1087420487 Win=512 Len=0	1
4212 > 80 [SYN] Seq=730790146 Win=512 Len=0	1
4213 > 80 [SYN] Seq=323082315 Win=512 Len=0	1
4214 > 80 [SYN] Seq=395363355 Win=512 Len=0	1
4215 > 80 [SYN] Seq=1680859113 Win=512 Len=0	1
4216 > 80 [SYN] Seq=1461821834 Win=512 Len=0	1
4217 > 80 [SYN] Seq=1783067674 Win=512 Len=0	1
4218 > 80 [SYN] Seq=639674629 Win=512 Len=0	1
4219 > 80 [SYN] Seq=1301949429 Win=512 Len=0	1
4220 > 80 [SYN] Seq=520453320 Win=512 Len=0	1
4221 > 80 [SYN] Seq=813929022 Win=512 Len=0	1
4222 > 80 [SYN] Seq=220521030 Win=512 Len=0	1
4223 > 80 [SYN] Seq=253273553 Win=512 Len=0	1
4224 > 80 [SYN] Seq=1736742416 Win=512 Len=0	1
4225 > 80 [SYN] Seq=721516374 Win=512 Len=0	1
4226 > 80 [SYN] Seq=972525122 Win=512 Len=0	1
4227 > 80 [SYN] Seq=545303758 Win=512 Len=0	1
4228 > 80 [SYN] Seq=1536157586 Win=512 Len=0	1
4229 > 80 [SYN] Seq=710598702 Win=512 Len=0	1
4230 > 80 [SYN] Seq=659410690 Win=512 Len=0	1
4231 > 80 [SYN] Seq=1921585998 Win=512 Len=0	1
4232 > 80 [SYN] Seq=1155713530 Win=512 Len=0	1
4233 > 80 [SYN] Seq=637247799 Win=512 Len=0	1
4234 > 80 [SYN] Seq=1518726287 Win=512 Len=0	1
4235 > 80 [SYN] Seq=524800464 Win=512 Len=0	1
4236 > 80 [SYN] Seq=127138202 Win=512 Len=0	1
4237 > 80 [SYN] Seq=631404859 Win=512 Len=0	1
4238 > 80 [SYN] Seq=1370666833 Win=512 Len=0	1
4239 > 80 [SYN] Seq=825590640 Win=512 Len=0	1
4240 > 80 [SYN] Seq=1822393434 Win=512 Len=0	1
4241 > 80 [SYN] Seq=816001241 Win=512 Len=0	1
4242 > 80 [SYN] Seq=1041318197 Win=512 Len=0	1
4243 > 80 [SYN] Seq=1081650800 Win=512 Len=0	1
4244 > 80 [SYN] Seq=1260081366 Win=512 Len=0	1
4245 > 80 [SYN] Seq=1971973250 Win=512 Len=0	1
4246 > 80 [SYN] Seq=603218269 Win=512 Len=0	1
4247 > 80 [SYN] Seq=763121905 Win=512 Len=0	1
4248 > 80 [SYN] Seq=2087268184 Win=512 Len=0	1
4249 > 80 [SYN] Seq=920364440 Win=512 Len=0	1
4250 > 80 [SYN] Seq=711843749 Win=512 Len=0	1
4251 > 80 [SYN] Seq=1982159433 Win=512 Len=0	1
4252 > 80 [SYN] Seq=1250273218 Win=512 Len=0	1
4253 > 80 [SYN] Seq=884189781 Win=512 Len=0	1
4254 > 80 [SYN] Seq=1137182677 Win=512 Len=0	1
4255 > 80 [SYN] Seq=1598510674 Win=512 Len=0	1
4256 > 80 [SYN] Seq=842206498 Win=512 Len=0	1
4257 > 80 [SYN] Seq=1988278919 Win=512 Len=0	1
4258 > 80 [SYN] Seq=1287064399 Win=512 Len=0	1
4259 > 80 [SYN] Seq=274720524 Win=512 Len=0	1
4260 > 80 [SYN] Seq=1809329644 Win=512 Len=0	1
4261 > 80 [SYN] Seq=107851506 Win=512 Len=0	1
4262 > 80 [SYN] Seq=1386839403 Win=512 Len=0	1
4263 > 80 [SYN] Seq=359555921 Win=512 Len=0	1
4264 > 80 [SYN] Seq=1958216156 Win=512 Len=0	1
4265 > 80 [SYN] Seq=1259095451 Win=512 Len=0	1
4266 > 80 [SYN] Seq=934477917 Win=512 Len=0	1
4267 > 80 [SYN] Seq=1111501758 Win=512 Len=0	1
4268 > 80 [SYN] Seq=274088185 Win=512 Len=0	1
4269 > 80 [SYN] Seq=1940387678 Win=512 Len=0	1
4270 > 80 [SYN] Seq=493539934 Win=512 Len=0	1
4271 > 80 [SYN] Seq=2050905683 Win=512 Len=0	1
4272 > 80 [SYN] Seq=986035222 Win=512 Len=0	1
4273 > 80 [SYN] Seq=487730396 Win=512 Len=0	1
4274 > 80 [SYN] Seq=1637642005 Win=512 Len=0	1
4275 > 80 [SYN] Seq=1400884121 Win=512 Len=0	1
4276 > 80 [SYN] Seq=1749429993 Win=512 Len=0	1
4277 > 80 [SYN] Seq=1139014243 Win=512 Len=0	1
4278 > 80 [SYN] Seq=332758776 Win=512 Len=0	1
4279 > 80 [SYN] Seq=1417931778 Win=512 Len=0	1
4280 > 80 [SYN] Seq=1019930391 Win=512 Len=0	1
4281 > 80 [SYN] Seq=1998082014 Win=512 Len=0	1
4282 > 80 [SYN] Seq=2039578784 Win=512 Len=0	1
4283 > 80 [SYN] Seq=247210271 Win=512 Len=0	1
4284 > 80 [SYN] Seq=1800133553 Win=512 Len=0	1
4285 > 80 [SYN] Seq=1393080362 Win=512 Len=0	1
4286 > 80 [SYN] Seq=624561374 Win=512 Len=0	1
4287 > 80 [SYN] Seq=336783087 Win=512 Len=0	1
4288 > 80 [SYN] Seq=370540773 Win=512 Len=0	1
4289 > 80 [SYN] Seq=2012898830 Win=512 Len=0	1
4290 > 80 [SYN] Seq=1243610488 Win=512 Len=0	1
4291 > 80 [SYN] Seq=2019489039 Win=512 Len=0	1
4292 > 80 [SYN] Seq=153418693 Win=512 Len=0	1
4293 > 80 [SYN] Seq=1327206149 Win=512 Len=0	1
4294 > 80 [SYN] Seq=1605440033 Win=512 Len=0	1
4295 > 80 [SYN] Seq=798852852 Win=512 Len=0	1
4296 > 80 [SYN] Seq=166540059 Win=512 Len=0	1
4297 > 80 [SYN] Seq=642979570 Win=512 Len=0	1
4298 > 80 [SYN] Seq=1192189496 Win=512 Len=0	1
4299 > 80 [SYN] Seq=2088258022 Win=512 Len=0	1
4300 > 80 [SYN] Seq=976605530 Win=512 Len=0	1
4301 > 80 [SYN] Seq=498255602 Win=512 Len=0	1
4302 > 80 [SYN] Seq=556630273 Win=512 Len=0	1
4303 > 80 [SYN] Seq=2137764765 Win=512 Len=0	1
4304 > 80 [SYN] Seq=1434422178 Win=512 Len=0	1
4305 > 80 [SYN] Seq=84244517 Win=512 Len=0	1
4306 > 80 [SYN] Seq=1635599552 Win=512 Len=0	1
4307 > 80 [SYN] Seq=1395466332 Win=512 Len=0	1
4308 > 80 [SYN] Seq=502859099 Win=512 Len=0	1
4309 > 80 [SYN] Seq=1438020278 Win=512 Len=0	1
4310 > 80 [SYN] Seq=1323914351 Win=512 Len=0	1
4311 > 80 [SYN] Seq=1180471709 Win=512 Len=0	1
4312 > 80 [SYN] Seq=858290720 Win=512 Len=0	1
4313 > 80 [SYN] Seq=249466519 Win=512 Len=0	1
4314 > 80 [SYN] Seq=1748693026 Win=512 Len=0	1
4315 > 80 [SYN] Seq=713652850 Win=512 Len=0	1
4316 > 80 [SYN] Seq=684910001 Win=512 Len=0	1
4317 > 80 [SYN] Seq=139542207 Win=512 Len=0	1
4318 > 80 [SYN] Seq=1561816202 Win=512 Len=0	1
4319 > 80 [SYN] Seq=1027305463 Win=512 Len=0	1
4320 > 80 [SYN] Seq=548908822 Win=512 Len=0	1
4321 > 80 [SYN] Seq=1370236766 Win=512 Len=0	1
4322 > 80 [SYN] Seq=1215811039 Win=512 Len=0	1
4323 > 80 [SYN] Seq=239050334 Win=512 Len=0	1
4324 > 80 [SYN] Seq=1914644450 Win=512 Len=0	1
4325 > 80 [SYN] Seq=1405582474 Win=512 Len=0	1
4326 > 80 [SYN] Seq=1658200908 Win=512 Len=0	1
4327 > 80 [SYN] Seq=691556163 Win=512 Len=0	1
4328 > 80 [SYN] Seq=1296111456 Win=512 Len=0	1
4329 > 80 [SYN] Seq=369088987 Win=512 Len=0	1
4330 > 80 [SYN] Seq=2146230427 Win=512 Len=0	1
4331 > 80 [SYN] Seq=1161690362 Win=512 Len=0	1
4332 > 80 [SYN] Seq=61208041 Win=512 Len=0	1
4333 > 80 [SYN] Seq=1548897385 Win=512 Len=0	1
4334 > 80 [SYN] Seq=1320072216 Win=512 Len=0	1
4335 > 80 [SYN] Seq=809154712 Win=512 Len=0	1
4336 > 80 [SYN] Seq=100389389 Win=512 Len=0	1
4337 > 80 [SYN] Seq=829375801 Win=512 Len=0	1
4338 > 80 [SYN] Seq=96612984 Win=512 Len=0	1
4339 > 80 [SYN] Seq=552443684 Win=512 Len=0	1
4340 > 80 [SYN] Seq=1487404531 Win=512 Len=0	1
4341 > 80 [SYN] Seq=2077926229 Win=512 Len=0	1
4342 > 80 [SYN] Seq=1356996839 Win=512 Len=0	1
4343 > 80 [SYN] Seq=182907081 Win=512 Len=0	1
4344 > 80 [SYN] Seq=952607122 Win=512 Len=0	1
4345 > 80 [SYN] Seq=1119822692 Win=512 Len=0	1
4346 > 80 [SYN] Seq=1398206641 Win=512 Len=0	1
4347 > 80 [SYN] Seq=325185323 Win=512 Len=0	1
4348 > 80 [SYN] Seq=187784592 Win=512 Len=0	1
4349 > 80 [SYN] Seq=400337002 Win=512 Len=0	1
4350 > 80 [SYN] Seq=1990148018 Win=512 Len=0	1
4351 > 80 [SYN] Seq=1211159164 Win=512 Len=0	1
4352 > 80 [SYN] Seq=1581090856 Win=512 Len=0	1
4353 > 80 [SYN] Seq=20786835 Win=512 Len=0	1
4354 > 80 [SYN] Seq=1064264733 Win=512 Len=0	1
4355 > 80 [SYN] Seq=183718056 Win=512 Len=0	1
4356 > 80 [SYN] Seq=932212925 Win=512 Len=0	1
4357 > 80 [SYN] Seq=672982954 Win=512 Len=0	1
4358 > 80 [SYN] Seq=97584306 Win=512 Len=0	1
4359 > 80 [SYN] Seq=502128436 Win=512 Len=0	1
4360 > 80 [SYN] Seq=108220684 Win=512 Len=0	1
4361 > 80 [SYN] Seq=1062091477 Win=512 Len=0	1
4362 > 80 [SYN] Seq=230463882 Win=512 Len=0	1
4363 > 80 [SYN] Seq=1969513236 Win=512 Len=0	1
4364 > 80 [SYN] Seq=1385685979 Win=512 Len=0	1
4365 > 80 [SYN] Seq=1946537977 Win=512 Len=0	1
4366 > 80 [SYN] Seq=166256646 Win=512 Len=0	1
4367 > 80 [SYN] Seq=440198670 Win=512 Len=0	1
4368 > 80 [SYN] Seq=1450256204 Win=512 Len=0	1
4369 > 80 [SYN] Seq=1145558584 Win=512 Len=0	1
4370 > 80 [SYN] Seq=78549493 Win=512 Len=0	1
4371 > 80 [SYN] Seq=1884117111 Win=512 Len=0	1
4372 > 80 [SYN] Seq=50253075 Win=512 Len=0	1
4373 > 80 [SYN] Seq=228921522 Win=512 Len=0	1
4374 > 80 [SYN] Seq=455545884 Win=512 Len=0	1
4375 > 80 [SYN] Seq=1682733284 Win=512 Len=0	1
4376 > 80 [SYN] Seq=735339118 Win=512 Len=0	1
4377 > 80 [SYN] Seq=1159053677 Win=512 Len=0	1
4378 > 80 [SYN] Seq=1131578634 Win=512 Len=0	1
4379 > 80 [SYN] Seq=840698583 Win=512 Len=0	1
4380 > 80 [SYN] Seq=686750525 Win=512 Len=0	1
4381 > 80 [SYN] Seq=512398830 Win=512 Len=0	1
4382 > 80 [SYN] Seq=1528802664 Win=512 Len=0	1
4383 > 80 [SYN] Seq=1022085585 Win=512 Len=0	1
4384 > 80 [SYN] Seq=1160518078 Win=512 Len=0	1
4385 > 80 [SYN] Seq=860881228 Win=512 Len=0	1
4386 > 80 [SYN] Seq=306893091 Win=512 Len=0	1
4387 > 80 [SYN] Seq=430766593 Win=512 Len=0	1
4388 > 80 [SYN] Seq=1905484687 Win=512 Len=0	1
4389 > 80 [SYN] Seq=533664385 Win=512 Len=0	1
4390 > 80 [SYN] Seq=1112401417 Win=512 Len=0	1
4391 > 80 [SYN] Seq=1602432821 Win=512 Len=0	1
4392 > 80 [SYN] Seq=918366425 Win=512 Len=0	1
4393 > 80 [SYN] Seq=1438149760 Win=512 Len=0	1
4394 > 80 [SYN] Seq=836328766 Win=512 Len=0	1
4395 > 80 [SYN] Seq=498589422 Win=512 Len=0	1
4396 > 80 [SYN] Seq=223986059 Win=512 Len=0	1
4397 > 80 [SYN] Seq=178775321 Win=512 Len=0	1
4398 > 80 [SYN] Seq=803155880 Win=512 Len=0	1
4399 > 80 [SYN] Seq=1399900292 Win=512 Len=0	1
4400 > 80 [SYN] Seq=967083493 Win=512 Len=0	1
4401 > 80 [SYN] Seq=1730738624 Win=512 Len=0	1
4402 > 80 [SYN] Seq=1280015500 Win=512 Len=0	1
4403 > 80 [SYN] Seq=1812650845 Win=512 Len=0	1
4404 > 80 [SYN] Seq=1410082532 Win=512 Len=0	1
4405 > 80 [SYN] Seq=527856445 Win=512 Len=0	1
4406 > 80 [SYN] Seq=848705869 Win=512 Len=0	1
4407 > 80 [SYN] Seq=960486274 Win=512 Len=0	1
4408 > 80 [SYN] Seq=2022251337 Win=512 Len=0	1
4409 > 80 [SYN] Seq=870612397 Win=512 Len=0	1
4410 > 80 [SYN] Seq=493751684 Win=512 Len=0	1
4411 > 80 [SYN] Seq=1578419723 Win=512 Len=0	1
4412 > 80 [SYN] Seq=342048050 Win=512 Len=0	1
4413 > 80 [SYN] Seq=460922975 Win=512 Len=0	1
4414 > 80 [SYN] Seq=809646437 Win=512 Len=0	1
4415 > 80 [SYN] Seq=401252866 Win=512 Len=0	1
4416 > 80 [SYN] Seq=96623491 Win=512 Len=0	1
4417 > 80 [SYN] Seq=202651402 Win=512 Len=0	1
4418 > 80 [SYN] Seq=1150103194 Win=512 Len=0	1
4419 > 80 [SYN] Seq=549496257 Win=512 Len=0	1
4420 > 80 [SYN] Seq=1081978624 Win=512 Len=0	1
4421 > 80 [SYN] Seq=1712468066 Win=512 Len=0	1
4422 > 80 [SYN] Seq=1895913754 Win=512 Len=0	1
4423 > 80 [SYN] Seq=403198467 Win=512 Len=0	1
4424 > 80 [SYN] Seq=819955611 Win=512 Len=0	1
4425 > 80 [SYN] Seq=1835030306 Win=512 Len=0	1
4426 > 80 [SYN] Seq=1799528325 Win=512 Len=0	1
4427 > 80 [SYN] Seq=937435727 Win=512 Len=0	1
4428 > 80 [SYN] Seq=1575011483 Win=512 Len=0	1
4429 > 80 [SYN] Seq=220444176 Win=512 Len=0	1
4430 > 80 [SYN] Seq=421117747 Win=512 Len=0	1
4431 > 80 [SYN] Seq=996632041 Win=512 Len=0	1
4432 > 80 [SYN] Seq=1530242036 Win=512 Len=0	1
4433 > 80 [SYN] Seq=1154479583 Win=512 Len=0	1
4434 > 80 [SYN] Seq=1681995527 Win=512 Len=0	1
4435 > 80 [SYN] Seq=227905105 Win=512 Len=0	1
4436 > 80 [SYN] Seq=1615032058 Win=512 Len=0	1
4437 > 80 [SYN] Seq=249631312 Win=512 Len=0	1
4438 > 80 [SYN] Seq=1387156436 Win=512 Len=0	1
4439 > 80 [SYN] Seq=607407825 Win=512 Len=0	1
4440 > 80 [SYN] Seq=928481524 Win=512 Len=0	1
4441 > 80 [SYN] Seq=696645568 Win=512 Len=0	1
4442 > 80 [SYN] Seq=1490319681 Win=512 Len=0	1
4443 > 80 [SYN] Seq=1504068265 Win=512 Len=0	1
4444 > 80 [SYN] Seq=1198814295 Win=512 Len=0	1
4445 > 80 [SYN] Seq=1384204210 Win=512 Len=0	1
4446 > 80 [SYN] Seq=314007227 Win=512 Len=0	1
4447 > 80 [SYN] Seq=232330485 Win=512 Len=0	1
4448 > 80 [SYN] Seq=1341825388 Win=512 Len=0	1
4449 > 80 [SYN] Seq=497627832 Win=512 Len=0	1
4450 > 80 [SYN] Seq=396717724 Win=512 Len=0	1
4451 > 80 [SYN] Seq=2121073687 Win=512 Len=0	1
4452 > 80 [SYN] Seq=940712843 Win=512 Len=0	1
4453 > 80 [SYN] Seq=899032596 Win=512 Len=0	1
4454 > 80 [SYN] Seq=251747763 Win=512 Len=0	1
4455 > 80 [SYN] Seq=1966297605 Win=512 Len=0	1
4456 > 80 [SYN] Seq=1435261484 Win=512 Len=0	1
4457 > 80 [SYN] Seq=458167724 Win=512 Len=0	1
4458 > 80 [SYN] Seq=2119935701 Win=512 Len=0	1
4459 > 80 [SYN] Seq=1553125954 Win=512 Len=0	1
4460 > 80 [SYN] Seq=1125666307 Win=512 Len=0	1
4461 > 80 [SYN] Seq=1258674507 Win=512 Len=0	1
4462 > 80 [SYN] Seq=801298947 Win=512 Len=0	1
4463 > 80 [SYN] Seq=1283781664 Win=512 Len=0	1
4464 > 80 [SYN] Seq=1713118593 Win=512 Len=0	1
4465 > 80 [SYN] Seq=1623821612 Win=512 Len=0	1
4466 > 80 [SYN] Seq=1243795828 Win=512 Len=0	1
4467 > 80 [SYN] Seq=40589651 Win=512 Len=0	1
4468 > 80 [SYN] Seq=411318041 Win=512 Len=0	1
4469 > 80 [SYN] Seq=1595653787 Win=512 Len=0	1
4470 > 80 [SYN] Seq=2053521065 Win=512 Len=0	1
4471 > 80 [SYN] Seq=565917753 Win=512 Len=0	1
4472 > 80 [SYN] Seq=2124456713 Win=512 Len=0	1
4473 > 80 [SYN] Seq=1777006684 Win=512 Len=0	1
4474 > 80 [SYN] Seq=1027635929 Win=512 Len=0	1
4475 > 80 [SYN] Seq=1075158745 Win=512 Len=0	1
4476 > 80 [SYN] Seq=1156295694 Win=512 Len=0	1
4477 > 80 [SYN] Seq=1585054002 Win=512 Len=0	1
4478 > 80 [SYN] Seq=446280507 Win=512 Len=0	1
4479 > 80 [SYN] Seq=1229284245 Win=512 Len=0	1
4480 > 80 [SYN] Seq=136725752 Win=512 Len=0	1
4481 > 80 [SYN] Seq=1860290049 Win=512 Len=0	1
4482 > 80 [SYN] Seq=2078599879 Win=512 Len=0	1
4483 > 80 [SYN] Seq=1732368084 Win=512 Len=0	1
4484 > 80 [SYN] Seq=1720627262 Win=512 Len=0	1
4485 > 80 [SYN] Seq=147641527 Win=512 Len=0	1
4486 > 80 [SYN] Seq=1127192133 Win=512 Len=0	1
4487 > 80 [SYN] Seq=1799573268 Win=512 Len=0	1
4488 > 80 [SYN] Seq=475469008 Win=512 Len=0	1
4489 > 80 [SYN] Seq=1422298702 Win=512 Len=0	1
4490 > 80 [SYN] Seq=1898221008 Win=512 Len=0	1
4491 > 80 [SYN] Seq=881418585 Win=512 Len=0	1
4492 > 80 [SYN] Seq=1778049588 Win=512 Len=0	1
4493 > 80 [SYN] Seq=1094445668 Win=512 Len=0	1
4494 > 80 [SYN] Seq=114388491 Win=512 Len=0	1
4495 > 80 [SYN] Seq=550996648 Win=512 Len=0	1
4496 > 80 [SYN] Seq=1880608105 Win=512 Len=0	1
4497 > 80 [SYN] Seq=1052051394 Win=512 Len=0	1
4498 > 80 [SYN] Seq=253399815 Win=512 Len=0	1
4499 > 80 [SYN] Seq=2043455056 Win=512 Len=0	1
4500 > 80 [SYN] Seq=1575419962 Win=512 Len=0	1
4501 > 80 [SYN] Seq=902815597 Win=512 Len=0	1
4502 > 80 [SYN] Seq=591559714 Win=512 Len=0	1
4503 > 80 [SYN] Seq=618625380 Win=512 Len=0	1
4504 > 80 [SYN] Seq=613535629 Win=512 Len=0	1
4505 > 80 [SYN] Seq=1603926392 Win=512 Len=0	1
4506 > 80 [SYN] Seq=369989118 Win=512 Len=0	1
4507 > 80 [SYN] Seq=215503149 Win=512 Len=0	1
4508 > 80 [SYN] Seq=578038839 Win=512 Len=0	1
4509 > 80 [SYN] Seq=1903876695 Win=512 Len=0	1
4510 > 80 [SYN] Seq=1127333666 Win=512 Len=0	1
4511 > 80 [SYN] Seq=532619153 Win=512 Len=0	1
4512 > 80 [SYN] Seq=1980023204 Win=512 Len=0	1
4513 > 80 [SYN] Seq=1105694756 Win=512 Len=0	1
4514 > 80 [SYN] Seq=1789485540 Win=512 Len=0	1
4515 > 80 [SYN] Seq=1457055522 Win=512 Len=0	1
4516 > 80 [SYN] Seq=256046230 Win=512 Len=0	1
4517 > 80 [SYN] Seq=1461133445 Win=512 Len=0	1
4518 > 80 [SYN] Seq=429439490 Win=512 Len=0	1
4519 > 80 [SYN] Seq=1931400669 Win=512 Len=0	1
4520 > 80 [SYN] Seq=946864741 Win=512 Len=0	1
4521 > 80 [SYN] Seq=1521536362 Win=512 Len=0	1
4522 > 80 [SYN] Seq=241866820 Win=512 Len=0	1
4523 > 80 [SYN] Seq=1033389351 Win=512 Len=0	1
4524 > 80 [SYN] Seq=695582329 Win=512 Len=0	1
4525 > 80 [SYN] Seq=1490317891 Win=512 Len=0	1
4526 > 80 [SYN] Seq=1821109039 Win=512 Len=0	1
4527 > 80 [SYN] Seq=1421080230 Win=512 Len=0	1
4528 > 80 [SYN] Seq=1342282859 Win=512 Len=0	1
4529 > 80 [SYN] Seq=1838116740 Win=512 Len=0	1
4530 > 80 [SYN] Seq=657069634 Win=512 Len=0	1
4531 > 80 [SYN] Seq=1522045151 Win=512 Len=0	1
4532 > 80 [SYN] Seq=1040891592 Win=512 Len=0	1
4533 > 80 [SYN] Seq=1952652319 Win=512 Len=0	1
4534 > 80 [SYN] Seq=580985417 Win=512 Len=0	1
4535 > 80 [SYN] Seq=1834393811 Win=512 Len=0	1
4536 > 80 [SYN] Seq=874352950 Win=512 Len=0	1
4537 > 80 [SYN] Seq=218335599 Win=512 Len=0	1
4538 > 80 [SYN] Seq=81844909 Win=512 Len=0	1
4539 > 80 [SYN] Seq=1042919719 Win=512 Len=0	1
4540 > 80 [SYN] Seq=710469429 Win=512 Len=0	1
4541 > 80 [SYN] Seq=211827704 Win=512 Len=0	1
4542 > 80 [SYN] Seq=79613699 Win=512 Len=0	1
4543 > 80 [SYN] Seq=146366969 Win=512 Len=0	1
4544 > 80 [SYN] Seq=1517782270 Win=512 Len=0	1
4545 > 80 [SYN] Seq=1688377847 Win=512 Len=0	1
4546 > 80 [SYN] Seq=2115209222 Win=512 Len=0	1
4547 > 80 [SYN] Seq=906838978 Win=512 Len=0	1
4548 > 80 [SYN] Seq=1671884207 Win=512 Len=0	1
4549 > 80 [SYN] Seq=544817103 Win=512 Len=0	1
4550 > 80 [SYN] Seq=1604521985 Win=512 Len=0	1
4551 > 80 [SYN] Seq=1502896297 Win=512 Len=0	1
4552 > 80 [SYN] Seq=1761476401 Win=512 Len=0	1
4553 > 80 [SYN] Seq=474645470 Win=512 Len=0	1
4554 > 80 [SYN] Seq=823276503 Win=512 Len=0	1
4555 > 80 [SYN] Seq=1355468181 Win=512 Len=0	1
4556 > 80 [SYN] Seq=1414054748 Win=512 Len=0	1
4557 > 80 [SYN] Seq=672661594 Win=512 Len=0	1
4558 > 80 [SYN] Seq=552368951 Win=512 Len=0	1
4559 > 80 [SYN] Seq=247976030 Win=512 Len=0	1
4560 > 80 [SYN] Seq=1597599570 Win=512 Len=0	1
4561 > 80 [SYN] Seq=963341909 Win=512 Len=0	1
4562 > 80 [SYN] Seq=2014731847 Win=512 Len=0	1
4563 > 80 [SYN] Seq=1497693680 Win=512 Len=0	1
4564 > 80 [SYN] Seq=1364879726 Win=512 Len=0	1
4565 > 80 [SYN] Seq=49791756 Win=512 Len=0	1
4566 > 80 [SYN] Seq=1534307229 Win=512 Len=0	1
4567 > 80 [SYN] Seq=250328151 Win=512 Len=0	1
4568 > 80 [SYN] Seq=711157418 Win=512 Len=0	1
4569 > 80 [SYN] Seq=851156290 Win=512 Len=0	1
4570 > 80 [SYN] Seq=1713244488 Win=512 Len=0	1
4571 > 80 [SYN] Seq=1860407793 Win=512 Len=0	1
4572 > 80 [SYN] Seq=1504473908 Win=512 Len=0	1
4573 > 80 [SYN] Seq=725056534 Win=512 Len=0	1
4574 > 80 [SYN] Seq=1816006286 Win=512 Len=0	1
4575 > 80 [SYN] Seq=2000138140 Win=512 Len=0	1
4576 > 80 [SYN] Seq=818346295 Win=512 Len=0	1
4577 > 80 [SYN] Seq=385839974 Win=512 Len=0	1
4578 > 80 [SYN] Seq=1609458154 Win=512 Len=0	1
4579 > 80 [SYN] Seq=1866117746 Win=512 Len=0	1
4580 > 80 [SYN] Seq=1700635855 Win=512 Len=0	1
4581 > 80 [SYN] Seq=570050816 Win=512 Len=0	1
4582 > 80 [SYN] Seq=2124742576 Win=512 Len=0	1
4583 > 80 [SYN] Seq=1683736591 Win=512 Len=0	1
4584 > 80 [SYN] Seq=1869161980 Win=512 Len=0	1
4585 > 80 [SYN] Seq=1356811598 Win=512 Len=0	1
4586 > 80 [SYN] Seq=1502153628 Win=512 Len=0	1
4587 > 80 [SYN] Seq=1571759168 Win=512 Len=0	1
4588 > 80 [SYN] Seq=90806166 Win=512 Len=0	1
4589 > 80 [SYN] Seq=1906630869 Win=512 Len=0	1
4590 > 80 [SYN] Seq=824758363 Win=512 Len=0	1
4591 > 80 [SYN] Seq=590271866 Win=512 Len=0	1
4592 > 80 [SYN] Seq=19029640 Win=512 Len=0	1
4593 > 80 [SYN] Seq=1125763531 Win=512 Len=0	1
4594 > 80 [SYN] Seq=1113199925 Win=512 Len=0	1
4595 > 80 [SYN] Seq=1346218547 Win=512 Len=0	1
4596 > 80 [SYN] Seq=1874611154 Win=512 Len=0	1
4597 > 80 [SYN] Seq=2085201327 Win=512 Len=0	1
4598 > 80 [SYN] Seq=80833571 Win=512 Len=0	1
4599 > 80 [SYN] Seq=867632598 Win=512 Len=0	1
4600 > 80 [SYN] Seq=1001787404 Win=512 Len=0	1
4601 > 80 [SYN] Seq=49058829 Win=512 Len=0	1
4602 > 80 [SYN] Seq=2017338314 Win=512 Len=0	1
4603 > 80 [SYN] Seq=1968648824 Win=512 Len=0	1
4604 > 80 [SYN] Seq=628046892 Win=512 Len=0	1
4605 > 80 [SYN] Seq=1959022453 Win=512 Len=0	1
4606 > 80 [SYN] Seq=1519262703 Win=512 Len=0	1
4607 > 80 [SYN] Seq=127113939 Win=512 Len=0	1
4608 > 80 [SYN] Seq=315899781 Win=512 Len=0	1
4609 > 80 [SYN] Seq=1547594737 Win=512 Len=0	1
4610 > 80 [SYN] Seq=1393349256 Win=512 Len=0	1
4611 > 80 [SYN] Seq=1553799193 Win=512 Len=0	1
4612 > 80 [SYN] Seq=451511718 Win=512 Len=0	1
4613 > 80 [SYN] Seq=211229405 Win=512 Len=0	1
4614 > 80 [SYN] Seq=369205199 Win=512 Len=0	1
4615 > 80 [SYN] Seq=647117430 Win=512 Len=0	1
4616 > 80 [SYN] Seq=254294050 Win=512 Len=0	1
4617 > 80 [SYN] Seq=692888687 Win=512 Len=0	1
4618 > 80 [SYN] Seq=1387176860 Win=512 Len=0	1
4619 > 80 [SYN] Seq=280481089 Win=512 Len=0	1
4620 > 80 [SYN] Seq=1426915891 Win=512 Len=0	1
4621 > 80 [SYN] Seq=1356272334 Win=512 Len=0	1
4622 > 80 [SYN] Seq=658822283 Win=512 Len=0	1
4623 > 80 [SYN] Seq=1501079028 Win=512 Len=0	1
4624 > 80 [SYN] Seq=713838803 Win=512 Len=0	1
4625 > 80 [SYN] Seq=1557785181 Win=512 Len=0	1
4626 > 80 [SYN] Seq=1084169414 Win=512 Len=0	1
4627 > 80 [SYN] Seq=1167602656 Win=512 Len=0	1
4628 > 80 [SYN] Seq=1745802585 Win=512 Len=0	1
4629 > 80 [SYN] Seq=752119126 Win=512 Len=0	1
4630 > 80 [SYN] Seq=1201668524 Win=512 Len=0	1
4631 > 80 [SYN] Seq=1948754536 Win=512 Len=0	1
4632 > 80 [SYN] Seq=894952343 Win=512 Len=0	1
4633 > 80 [SYN] Seq=57600261 Win=512 Len=0	1
4634 > 80 [SYN] Seq=1405347112 Win=512 Len=0	1
4635 > 80 [SYN] Seq=1271272494 Win=512 Len=0	1
4636 > 80 [SYN] Seq=1614398858 Win=512 Len=0	1
4637 > 80 [SYN] Seq=1806505261 Win=512 Len=0	1
4638 > 80 [SYN] Seq=1974705642 Win=512 Len=0	1
4639 > 80 [SYN] Seq=287416133 Win=512 Len=0	1
4640 > 80 [SYN] Seq=439715121 Win=512 Len=0	1
4641 > 80 [SYN] Seq=1677468212 Win=512 Len=0	1
4642 > 80 [SYN] Seq=1259507305 Win=512 Len=0	1
4643 > 80 [SYN] Seq=1784827766 Win=512 Len=0	1
4644 > 80 [SYN] Seq=1317175351 Win=512 Len=0	1
4645 > 80 [SYN] Seq=225755261 Win=512 Len=0	1
4646 > 80 [SYN] Seq=1305168573 Win=512 Len=0	1
4647 > 80 [SYN] Seq=514742042 Win=512 Len=0	1
4648 > 80 [SYN] Seq=694848003 Win=512 Len=0	1
4649 > 80 [SYN] Seq=1085179668 Win=512 Len=0	1
4650 > 80 [SYN] Seq=1966218128 Win=512 Len=0	1
4651 > 80 [SYN] Seq=469911977 Win=512 Len=0	1
4652 > 80 [SYN] Seq=100017197 Win=512 Len=0	1
4653 > 80 [SYN] Seq=1515356073 Win=512 Len=0	1
4654 > 80 [SYN] Seq=1922040335 Win=512 Len=0	1
4655 > 80 [SYN] Seq=2033908788 Win=512 Len=0	1
4656 > 80 [SYN] Seq=1261262964 Win=512 Len=0	1
4657 > 80 [SYN] Seq=688272278 Win=512 Len=0	1
4658 > 80 [SYN] Seq=1482539386 Win=512 Len=0	1
4659 > 80 [SYN] Seq=1094899577 Win=512 Len=0	1
4660 > 80 [SYN] Seq=277471978 Win=512 Len=0	1
4661 > 80 [SYN] Seq=231925113 Win=512 Len=0	1
4662 > 80 [SYN] Seq=759529869 Win=512 Len=0	1
4663 > 80 [SYN] Seq=607754942 Win=512 Len=0	1
4664 > 80 [SYN] Seq=1981684241 Win=512 Len=0	1
4665 > 80 [SYN] Seq=1991697582 Win=512 Len=0	1
4666 > 80 [SYN] Seq=1909067460 Win=512 Len=0	1
4667 > 80 [SYN] Seq=1200709085 Win=512 Len=0	1
4668 > 80 [SYN] Seq=1673127719 Win=512 Len=0	1
4669 > 80 [SYN] Seq=1006061707 Win=512 Len=0	1
4670 > 80 [SYN] Seq=1634410831 Win=512 Len=0	1
4671 > 80 [SYN] Seq=1850406564 Win=512 Len=0	1
4672 > 80 [SYN] Seq=1184033470 Win=512 Len=0	1
4673 > 80 [SYN] Seq=894798856 Win=512 Len=0	1
4674 > 80 [SYN] Seq=620046838 Win=512 Len=0	1
4675 > 80 [SYN] Seq=1676952769 Win=512 Len=0	1
4676 > 80 [SYN] Seq=2143788262 Win=512 Len=0	1
4677 > 80 [SYN] Seq=1178238241 Win=512 Len=0	1
4678 > 80 [SYN] Seq=1442528396 Win=512 Len=0	1
4679 > 80 [SYN] Seq=1484023083 Win=512 Len=0	1
4680 > 80 [SYN] Seq=240418322 Win=512 Len=0	1
4681 > 80 [SYN] Seq=1825415889 Win=512 Len=0	1
4682 > 80 [SYN] Seq=266476817 Win=512 Len=0	1
4683 > 80 [SYN] Seq=2106069248 Win=512 Len=0	1
4684 > 80 [SYN] Seq=269614662 Win=512 Len=0	1
4685 > 80 [SYN] Seq=974120691 Win=512 Len=0	1
4686 > 80 [SYN] Seq=1958528827 Win=512 Len=0	1
4687 > 80 [SYN] Seq=189134738 Win=512 Len=0	1
4688 > 80 [SYN] Seq=649177998 Win=512 Len=0	1
4689 > 80 [SYN] Seq=526230697 Win=512 Len=0	1
4690 > 80 [SYN] Seq=915192412 Win=512 Len=0	1
4691 > 80 [SYN] Seq=2093535123 Win=512 Len=0	1
4692 > 80 [SYN] Seq=2145700293 Win=512 Len=0	1
4693 > 80 [SYN] Seq=1831217793 Win=512 Len=0	1
4694 > 80 [SYN] Seq=1757842563 Win=512 Len=0	1
4695 > 80 [SYN] Seq=1759775198 Win=512 Len=0	1
4696 > 80 [SYN] Seq=1681229631 Win=512 Len=0	1
4697 > 80 [SYN] Seq=1283789675 Win=512 Len=0	1
4698 > 80 [SYN] Seq=1768164415 Win=512 Len=0	1
4699 > 80 [SYN] Seq=512514275 Win=512 Len=0	1
4700 > 80 [SYN] Seq=670384610 Win=512 Len=0	1
4701 > 80 [SYN] Seq=1728702602 Win=512 Len=0	1
4702 > 80 [SYN] Seq=1242907519 Win=512 Len=0	1
4703 > 80 [SYN] Seq=397032833 Win=512 Len=0	1
4704 > 80 [SYN] Seq=85877398 Win=512 Len=0	1
4705 > 80 [SYN] Seq=929488054 Win=512 Len=0	1
4706 > 80 [SYN] Seq=309850274 Win=512 Len=0	1
4707 > 80 [SYN] Seq=370752320 Win=512 Len=0	1
4708 > 80 [SYN] Seq=142948785 Win=512 Len=0	1
4709 > 80 [SYN] Seq=1068968066 Win=512 Len=0	1
4710 > 80 [SYN] Seq=337865949 Win=512 Len=0	1
4711 > 80 [SYN] Seq=337544406 Win=512 Len=0	1
4712 > 80 [SYN] Seq=745935678 Win=512 Len=0	1
4713 > 80 [SYN] Seq=1829516583 Win=512 Len=0	1
4714 > 80 [SYN] Seq=1399389072 Win=512 Len=0	1
4715 > 80 [SYN] Seq=1872651455 Win=512 Len=0	1
4716 > 80 [SYN] Seq=2075940776 Win=512 Len=0	1
4717 > 80 [SYN] Seq=1820302214 Win=512 Len=0	1
4718 > 80 [SYN] Seq=1294870506 Win=512 Len=0	1
4719 > 80 [SYN] Seq=1148823650 Win=512 Len=0	1
4720 > 80 [SYN] Seq=1908392344 Win=512 Len=0	1
4721 > 80 [SYN] Seq=193801704 Win=512 Len=0	1
4722 > 80 [SYN] Seq=246070501 Win=512 Len=0	1
4723 > 80 [SYN] Seq=2063415381 Win=512 Len=0	1
4724 > 80 [SYN] Seq=1034603192 Win=512 Len=0	1
4725 > 80 [SYN] Seq=1064960146 Win=512 Len=0	1
4726 > 80 [SYN] Seq=1766777793 Win=512 Len=0	1
4727 > 80 [SYN] Seq=526318468 Win=512 Len=0	1
4728 > 80 [SYN] Seq=774855494 Win=512 Len=0	1
4729 > 80 [SYN] Seq=2133069638 Win=512 Len=0	1
4730 > 80 [SYN] Seq=818507881 Win=512 Len=0	1
4731 > 80 [SYN] Seq=1796522127 Win=512 Len=0	1
4732 > 80 [SYN] Seq=353364036 Win=512 Len=0	1
4733 > 80 [SYN] Seq=2026908422 Win=512 Len=0	1
4734 > 80 [SYN] Seq=771737174 Win=512 Len=0	1
4735 > 80 [SYN] Seq=968694988 Win=512 Len=0	1
4736 > 80 [SYN] Seq=1399786269 Win=512 Len=0	1
4737 > 80 [SYN] Seq=227377644 Win=512 Len=0	1
4738 > 80 [SYN] Seq=2117188729 Win=512 Len=0	1
4739 > 80 [SYN] Seq=769717367 Win=512 Len=0	1
4740 > 80 [SYN] Seq=1548898918 Win=512 Len=0	1
4741 > 80 [SYN] Seq=497632037 Win=512 Len=0	1
4742 > 80 [SYN] Seq=100944778 Win=512 Len=0	1
4743 > 80 [SYN] Seq=1104772820 Win=512 Len=0	1
4744 > 80 [SYN] Seq=1043665449 Win=512 Len=0	1
4745 > 80 [SYN] Seq=1317011737 Win=512 Len=0	1
4746 > 80 [SYN] Seq=1649979493 Win=512 Len=0	1
4747 > 80 [SYN] Seq=1971025844 Win=512 Len=0	1
4748 > 80 [SYN] Seq=1952969356 Win=512 Len=0	1
4749 > 80 [SYN] Seq=743196888 Win=512 Len=0	1
4750 > 80 [SYN] Seq=1638015738 Win=512 Len=0	1
4751 > 80 [SYN] Seq=103367307 Win=512 Len=0	1
4752 > 80 [SYN] Seq=628020594 Win=512 Len=0	1
4753 > 80 [SYN] Seq=1310562454 Win=512 Len=0	1
4754 > 80 [SYN] Seq=2066924620 Win=512 Len=0	1
4755 > 80 [SYN] Seq=1784226635 Win=512 Len=0	1
4756 > 80 [SYN] Seq=1527428645 Win=512 Len=0	1
4757 > 80 [SYN] Seq=915824796 Win=512 Len=0	1
4758 > 80 [SYN] Seq=475733556 Win=512 Len=0	1
4759 > 80 [SYN] Seq=982010418 Win=512 Len=0	1
4760 > 80 [SYN] Seq=272757725 Win=512 Len=0	1
4761 > 80 [SYN] Seq=1313967006 Win=512 Len=0	1
4762 > 80 [SYN] Seq=1607193092 Win=512 Len=0	1
4763 > 80 [SYN] Seq=1505800020 Win=512 Len=0	1
4764 > 80 [SYN] Seq=889212564 Win=512 Len=0	1
4765 > 80 [SYN] Seq=529167897 Win=512 Len=0	1
4766 > 80 [SYN] Seq=1394361009 Win=512 Len=0	1
4767 > 80 [SYN] Seq=589610871 Win=512 Len=0	1
4768 > 80 [SYN] Seq=489778777 Win=512 Len=0	1
4769 > 80 [SYN] Seq=1064569807 Win=512 Len=0	1
4770 > 80 [SYN] Seq=936217680 Win=512 Len=0	1
4771 > 80 [SYN] Seq=1653621316 Win=512 Len=0	1
4772 > 80 [SYN] Seq=1566929103 Win=512 Len=0	1
4773 > 80 [SYN] Seq=777085820 Win=512 Len=0	1
4774 > 80 [SYN] Seq=388864287 Win=512 Len=0	1
4775 > 80 [SYN] Seq=1445929953 Win=512 Len=0	1
4776 > 80 [SYN] Seq=970327259 Win=512 Len=0	1
4777 > 80 [SYN] Seq=612035699 Win=512 Len=0	1
4778 > 80 [SYN] Seq=194597469 Win=512 Len=0	1
4779 > 80 [SYN] Seq=1670981924 Win=512 Len=0	1
4780 > 80 [SYN] Seq=1489418658 Win=512 Len=0	1
4781 > 80 [SYN] Seq=1287923409 Win=512 Len=0	1
4782 > 80 [SYN] Seq=1169863484 Win=512 Len=0	1
4783 > 80 [SYN] Seq=1763259478 Win=512 Len=0	1
4784 > 80 [SYN] Seq=83706548 Win=512 Len=0	1
4785 > 80 [SYN] Seq=345612964 Win=512 Len=0	1
4786 > 80 [SYN] Seq=38238063 Win=512 Len=0	1
4787 > 80 [SYN] Seq=689010492 Win=512 Len=0	1
4788 > 80 [SYN] Seq=1066271399 Win=512 Len=0	1
4789 > 80 [SYN] Seq=1645754340 Win=512 Len=0	1
4790 > 80 [SYN] Seq=1261986085 Win=512 Len=0	1
4791 > 80 [SYN] Seq=187724359 Win=512 Len=0	1
4792 > 80 [SYN] Seq=1884419816 Win=512 Len=0	1
4793 > 80 [SYN] Seq=1516814605 Win=512 Len=0	1
4794 > 80 [SYN] Seq=590708745 Win=512 Len=0	1
4795 > 80 [SYN] Seq=2142798450 Win=512 Len=0	1
4796 > 80 [SYN] Seq=259800672 Win=512 Len=0	1
4797 > 80 [SYN] Seq=631043716 Win=512 Len=0	1
4798 > 80 [SYN] Seq=1698654807 Win=512 Len=0	1
4799 > 80 [SYN] Seq=1804929072 Win=512 Len=0	1
4800 > 80 [SYN] Seq=2014436320 Win=512 Len=0	1
4801 > 80 [SYN] Seq=1115910582 Win=512 Len=0	1
4802 > 80 [SYN] Seq=762973174 Win=512 Len=0	1
4803 > 80 [SYN] Seq=375069552 Win=512 Len=0	1
4804 > 80 [SYN] Seq=729285536 Win=512 Len=0	1
4805 > 80 [SYN] Seq=67001764 Win=512 Len=0	1
4806 > 80 [SYN] Seq=1981631837 Win=512 Len=0	1
4807 > 80 [SYN] Seq=1001052072 Win=512 Len=0	1
4808 > 80 [SYN] Seq=2032265463 Win=512 Len=0	1
4809 > 80 [SYN] Seq=974902183 Win=512 Len=0	1
4810 > 80 [SYN] Seq=1647427806 Win=512 Len=0	1
4811 > 80 [SYN] Seq=1244293693 Win=512 Len=0	1
4812 > 80 [SYN] Seq=1053423254 Win=512 Len=0	1
4813 > 80 [SYN] Seq=97196325 Win=512 Len=0	1
4814 > 80 [SYN] Seq=138872385 Win=512 Len=0	1
4815 > 80 [SYN] Seq=1262157982 Win=512 Len=0	1
4816 > 80 [SYN] Seq=1665182432 Win=512 Len=0	1
4817 > 80 [SYN] Seq=1386183799 Win=512 Len=0	1
4818 > 80 [SYN] Seq=1114172574 Win=512 Len=0	1
4819 > 80 [SYN] Seq=1915420158 Win=512 Len=0	1
4820 > 80 [SYN] Seq=1140713595 Win=512 Len=0	1
4821 > 80 [SYN] Seq=52038971 Win=512 Len=0	1
4822 > 80 [SYN] Seq=984604292 Win=512 Len=0	1
4823 > 80 [SYN] Seq=1527862080 Win=512 Len=0	1
4824 > 80 [SYN] Seq=1051143292 Win=512 Len=0	1
4825 > 80 [SYN] Seq=145156672 Win=512 Len=0	1
4826 > 80 [SYN] Seq=952700672 Win=512 Len=0	1
4827 > 80 [SYN] Seq=1586092314 Win=512 Len=0	1
4828 > 80 [SYN] Seq=528891668 Win=512 Len=0	1
4829 > 80 [SYN] Seq=1627237189 Win=512 Len=0	1
4830 > 80 [SYN] Seq=243607004 Win=512 Len=0	1
4831 > 80 [SYN] Seq=539921083 Win=512 Len=0	1
4832 > 80 [SYN] Seq=1484606358 Win=512 Len=0	1
4833 > 80 [SYN] Seq=1693152357 Win=512 Len=0	1
4834 > 80 [SYN] Seq=1540628632 Win=512 Len=0	1
4835 > 80 [SYN] Seq=1756320719 Win=512 Len=0	1
4836 > 80 [SYN] Seq=259746734 Win=512 Len=0	1
4837 > 80 [SYN] Seq=1180022163 Win=512 Len=0	1
4838 > 80 [SYN] Seq=1223231781 Win=512 Len=0	1
4839 > 80 [SYN] Seq=274157403 Win=512 Len=0	1
4840 > 80 [SYN] Seq=1455184862 Win=512 Len=0	1
4841 > 80 [SYN] Seq=2118774666 Win=512 Len=0	1
4842 > 80 [SYN] Seq=1361736862 Win=512 Len=0	1
4843 > 80 [SYN] Seq=237494702 Win=512 Len=0	1
4844 > 80 [SYN] Seq=990728161 Win=512 Len=0	1
4845 > 80 [SYN] Seq=1612825976 Win=512 Len=0	1
4846 > 80 [SYN] Seq=1218462482 Win=512 Len=0	1
4847 > 80 [SYN] Seq=1472820110 Win=512 Len=0	1
4848 > 80 [SYN] Seq=1614599013 Win=512 Len=0	1
4849 > 80 [SYN] Seq=610488116 Win=512 Len=0	1
4850 > 80 [SYN] Seq=375907578 Win=512 Len=0	1
4851 > 80 [SYN] Seq=2051570994 Win=512 Len=0	1
4852 > 80 [SYN] Seq=1394550040 Win=512 Len=0	1
4853 > 80 [SYN] Seq=1536932656 Win=512 Len=0	1
4854 > 80 [SYN] Seq=1859097275 Win=512 Len=0	1
4855 > 80 [SYN] Seq=1264703540 Win=512 Len=0	1
4856 > 80 [SYN] Seq=2046391772 Win=512 Len=0	1
4857 > 80 [SYN] Seq=861895347 Win=512 Len=0	1
4858 > 80 [SYN] Seq=1444790227 Win=512 Len=0	1
4859 > 80 [SYN] Seq=29000786 Win=512 Len=0	1
4860 > 80 [SYN] Seq=389247859 Win=512 Len=0	1
4861 > 80 [SYN] Seq=621654804 Win=512 Len=0	1
4862 > 80 [SYN] Seq=1266142704 Win=512 Len=0	1
4863 > 80 [SYN] Seq=1659834268 Win=512 Len=0	1
4864 > 80 [SYN] Seq=1348398207 Win=512 Len=0	1
4865 > 80 [SYN] Seq=1872463153 Win=512 Len=0	1
4866 > 80 [SYN] Seq=693382530 Win=512 Len=0	1
4867 > 80 [SYN] Seq=218386719 Win=512 Len=0	1
4868 > 80 [SYN] Seq=1627497885 Win=512 Len=0	1
4869 > 80 [SYN] Seq=1848980511 Win=512 Len=0	1
4870 > 80 [SYN] Seq=1156992002 Win=512 Len=0	1
4871 > 80 [SYN] Seq=1006717220 Win=512 Len=0	1
4872 > 80 [SYN] Seq=1369447182 Win=512 Len=0	1
4873 > 80 [SYN] Seq=1459435104 Win=512 Len=0	1
4874 > 80 [SYN] Seq=1514175687 Win=512 Len=0	1
4875 > 80 [SYN] Seq=376913445 Win=512 Len=0	1
4876 > 80 [SYN] Seq=1807958002 Win=512 Len=0	1
4877 > 80 [SYN] Seq=583320897 Win=512 Len=0	1
4878 > 80 [SYN] Seq=323305888 Win=512 Len=0	1
4879 > 80 [SYN] Seq=495028340 Win=512 Len=0	1
4880 > 80 [SYN] Seq=1708976369 Win=512 Len=0	1
4881 > 80 [SYN] Seq=46090257 Win=512 Len=0	1
4882 > 80 [SYN] Seq=1852908295 Win=512 Len=0	1
4883 > 80 [SYN] Seq=2081529578 Win=512 Len=0	1
4884 > 80 [SYN] Seq=121403116 Win=512 Len=0	1
4885 > 80 [SYN] Seq=2126593480 Win=512 Len=0	1
4886 > 80 [SYN] Seq=771869617 Win=512 Len=0	1
4887 > 80 [SYN] Seq=251106947 Win=512 Len=0	1
4888 > 80 [SYN] Seq=1426200818 Win=512 Len=0	1
4889 > 80 [SYN] Seq=1446974161 Win=512 Len=0	1
4890 > 80 [SYN] Seq=342427762 Win=512 Len=0	1
4891 > 80 [SYN] Seq=649293129 Win=512 Len=0	1
4892 > 80 [SYN] Seq=841741417 Win=512 Len=0	1
4893 > 80 [SYN] Seq=38431684 Win=512 Len=0	1
4894 > 80 [SYN] Seq=2046681845 Win=512 Len=0	1
4895 > 80 [SYN] Seq=1772439164 Win=512 Len=0	1
4896 > 80 [SYN] Seq=1088166794 Win=512 Len=0	1
4897 > 80 [SYN] Seq=687247266 Win=512 Len=0	1
4898 > 80 [SYN] Seq=788067299 Win=512 Len=0	1
4899 > 80 [SYN] Seq=870641130 Win=512 Len=0	1
4900 > 80 [SYN] Seq=636465623 Win=512 Len=0	1
4901 > 80 [SYN] Seq=1242532779 Win=512 Len=0	1
4902 > 80 [SYN] Seq=1548076172 Win=512 Len=0	1
4903 > 80 [SYN] Seq=775059335 Win=512 Len=0	1
4904 > 80 [SYN] Seq=382917372 Win=512 Len=0	1
4905 > 80 [SYN] Seq=1885825971 Win=512 Len=0	1
4906 > 80 [SYN] Seq=1365731281 Win=512 Len=0	1
4907 > 80 [SYN] Seq=630591303 Win=512 Len=0	1
4908 > 80 [SYN] Seq=263726936 Win=512 Len=0	1
4909 > 80 [SYN] Seq=588444068 Win=512 Len=0	1
4910 > 80 [SYN] Seq=2099771040 Win=512 Len=0	1
4911 > 80 [SYN] Seq=64233276 Win=512 Len=0	1
4912 > 80 [SYN] Seq=970371979 Win=512 Len=0	1
4913 > 80 [SYN] Seq=228644500 Win=512 Len=0	1
4914 > 80 [SYN] Seq=2068064064 Win=512 Len=0	1
4915 > 80 [SYN] Seq=167582845 Win=512 Len=0	1
4916 > 80 [SYN] Seq=948761619 Win=512 Len=0	1
4917 > 80 [SYN] Seq=888502706 Win=512 Len=0	1
4918 > 80 [SYN] Seq=237913054 Win=512 Len=0	1
4919 > 80 [SYN] Seq=423193481 Win=512 Len=0	1
4920 > 80 [SYN] Seq=743834502 Win=512 Len=0	1
4921 > 80 [SYN] Seq=1542263878 Win=512 Len=0	1
4922 > 80 [SYN] Seq=1320291090 Win=512 Len=0	1
4923 > 80 [SYN] Seq=919657557 Win=512 Len=0	1
4924 > 80 [SYN] Seq=378794961 Win=512 Len=0	1
4925 > 80 [SYN] Seq=1744385149 Win=512 Len=0	1
4926 > 80 [SYN] Seq=346416339 Win=512 Len=0	1
4927 > 80 [SYN] Seq=1568022623 Win=512 Len=0	1
4928 > 80 [SYN] Seq=1801483971 Win=512 Len=0	1
4929 > 80 [SYN] Seq=1834867683 Win=512 Len=0	1
4930 > 80 [SYN] Seq=391331240 Win=512 Len=0	1
4931 > 80 [SYN] Seq=254823915 Win=512 Len=0	1
4932 > 80 [SYN] Seq=520394838 Win=512 Len=0	1
4933 > 80 [SYN] Seq=588636533 Win=512 Len=0	1
4934 > 80 [SYN] Seq=1234608336 Win=512 Len=0	1
4935 > 80 [SYN] Seq=693743971 Win=512 Len=0	1
4936 > 80 [SYN] Seq=851869410 Win=512 Len=0	1
4937 > 80 [SYN] Seq=927232285 Win=512 Len=0	1
4938 > 80 [SYN] Seq=1550423900 Win=512 Len=0	1
4939 > 80 [SYN] Seq=837687543 Win=512 Len=0	1
4940 > 80 [SYN] Seq=1524950932 Win=512 Len=0	1
4941 > 80 [SYN] Seq=1417017809 Win=512 Len=0	1
4942 > 80 [SYN] Seq=578121452 Win=512 Len=0	1
4943 > 80 [SYN] Seq=2126117488 Win=512 Len=0	1
4944 > 80 [SYN] Seq=1994683121 Win=512 Len=0	1
4945 > 80 [SYN] Seq=104398768 Win=512 Len=0	1
4946 > 80 [SYN] Seq=917814569 Win=512 Len=0	1
4947 > 80 [SYN] Seq=1088724849 Win=512 Len=0	1
4948 > 80 [SYN] Seq=1505632312 Win=512 Len=0	1
4949 > 80 [SYN] Seq=258966366 Win=512 Len=0	1
4950 > 80 [SYN] Seq=2066887787 Win=512 Len=0	1
4951 > 80 [SYN] Seq=1230780133 Win=512 Len=0	1
4952 > 80 [SYN] Seq=1440390931 Win=512 Len=0	1
4953 > 80 [SYN] Seq=1868527623 Win=512 Len=0	1
4954 > 80 [SYN] Seq=1287364118 Win=512 Len=0	1
4955 > 80 [SYN] Seq=75695378 Win=512 Len=0	1
4956 > 80 [SYN] Seq=2125390199 Win=512 Len=0	1
4957 > 80 [SYN] Seq=1340413977 Win=512 Len=0	1
4958 > 80 [SYN] Seq=1436272983 Win=512 Len=0	1
4959 > 80 [SYN] Seq=2066967542 Win=512 Len=0	1
4960 > 80 [SYN] Seq=772398039 Win=512 Len=0	1
4961 > 80 [SYN] Seq=91379364 Win=512 Len=0	1
4962 > 80 [SYN] Seq=278735432 Win=512 Len=0	1
4963 > 80 [SYN] Seq=1854861080 Win=512 Len=0	1
4964 > 80 [SYN] Seq=1113425546 Win=512 Len=0	1
4965 > 80 [SYN] Seq=1436520814 Win=512 Len=0	1
4966 > 80 [SYN] Seq=1370407209 Win=512 Len=0	1
4967 > 80 [SYN] Seq=1766954139 Win=512 Len=0	1
4968 > 80 [SYN] Seq=1405910243 Win=512 Len=0	1
4969 > 80 [SYN] Seq=1837699419 Win=512 Len=0	1
4970 > 80 [SYN] Seq=1752525564 Win=512 Len=0	1
4971 > 80 [SYN] Seq=527855962 Win=512 Len=0	1
4972 > 80 [SYN] Seq=1728192069 Win=512 Len=0	1
4973 > 80 [SYN] Seq=1636688043 Win=512 Len=0	1
4974 > 80 [SYN] Seq=231977724 Win=512 Len=0	1
4975 > 80 [SYN] Seq=1656227882 Win=512 Len=0	1
4976 > 80 [SYN] Seq=1718869988 Win=512 Len=0	1
4977 > 80 [SYN] Seq=1337718612 Win=512 Len=0	1
4978 > 80 [SYN] Seq=1601498603 Win=512 Len=0	1
4979 > 80 [SYN] Seq=1868358625 Win=512 Len=0	1
4980 > 80 [SYN] Seq=249781397 Win=512 Len=0	1
4981 > 80 [SYN] Seq=960138354 Win=512 Len=0	1
4982 > 80 [SYN] Seq=935242332 Win=512 Len=0	1
4983 > 80 [SYN] Seq=1615484264 Win=512 Len=0	1
4984 > 80 [SYN] Seq=574424477 Win=512 Len=0	1
4985 > 80 [SYN] Seq=1246910738 Win=512 Len=0	1
4986 > 80 [SYN] Seq=1561154776 Win=512 Len=0	1
4987 > 80 [SYN] Seq=1495063142 Win=512 Len=0	1
4988 > 80 [SYN] Seq=241566166 Win=512 Len=0	1
4989 > 80 [SYN] Seq=1384420479 Win=512 Len=0	1
4990 > 80 [SYN] Seq=548142679 Win=512 Len=0	1
4991 > 80 [SYN] Seq=652614454 Win=512 Len=0	1
4992 > 80 [SYN] Seq=1789215167 Win=512 Len=0	1
4993 > 80 [SYN] Seq=2089196604 Win=512 Len=0	1
4994 > 80 [SYN] Seq=1259936195 Win=512 Len=0	1
4995 > 80 [SYN] Seq=414859488 Win=512 Len=0	1
4996 > 80 [SYN] Seq=990487296 Win=512 Len=0	1
4997 > 80 [SYN] Seq=62259532 Win=512 Len=0	1
4998 > 80 [SYN] Seq=1544613985 Win=512 Len=0	1
